Date,Open,High,Low,Close,Volume
2025-12-08T09:00:00.000Z,626.81,627.31,626.74,627.27,0
2025-12-08T09:30:00.000Z,627.26,627.33,626.69,626.73,0
2025-12-08T10:00:00.000Z,626.85,627.12,626.5,627.11,0
2025-12-08T10:30:00.000Z,627.13,627.33,627.07,627.22,0
2025-12-08T11:00:00.000Z,627.22,627.25,626.72,626.72,0
2025-12-08T11:30:00.000Z,626.79,627.04,626.72,626.85,0
2025-12-08T12:00:00.000Z,626.75,627.18,626.56,627.08,0
2025-12-08T12:30:00.000Z,627.03,627.67,627.02,627.49,0
2025-12-08T13:00:00.000Z,627.48,628.19,625.48,627.605,0
2025-12-08T13:30:00.000Z,627.63,627.75,625.48,627.64,0
2025-12-08T14:00:00.000Z,627.66,627.97,626.9898,627.22,0
2025-12-08T14:30:00.000Z,627.1500244140625,628.8400268554688,625.5,626.030029296875,4275546
2025-12-08T15:00:00.000Z,626.02001953125,626.8400268554688,623.9400024414062,624.989990234375,2490897
2025-12-08T15:30:00.000Z,624.989990234375,625.5499877929688,623.739990234375,624.0599975585938,2153236
2025-12-08T16:00:00.000Z,624.0599975585938,624.260009765625,623.2100219726562,624.0700073242188,2374435
2025-12-08T16:30:00.000Z,624.0599975585938,624.25,623.2999877929688,623.5,1378841
2025-12-08T17:00:00.000Z,623.5,623.6699829101562,622.3699951171875,622.9639892578125,8589546
2025-12-08T17:30:00.000Z,622.9650268554688,624.72998046875,622.8381958007812,624.489990234375,8353055
2025-12-08T18:00:00.000Z,624.489990234375,624.8699951171875,623.22998046875,623.27001953125,1650272
2025-12-08T18:30:00.000Z,623.22998046875,623.5399780273438,621.6900024414062,622.3499755859375,1714406
2025-12-08T19:00:00.000Z,622.3599853515625,622.760009765625,621.75,622.4857788085938,1472682
2025-12-08T19:30:00.000Z,622.47998046875,623.0599975585938,622.1900024414062,622.3400268554688,1138164
2025-12-08T20:00:00.000Z,622.3400268554688,622.9299926757812,622.0999755859375,622.8900146484375,1139348
2025-12-08T20:30:00.000Z,622.9000244140625,624.27001953125,622.280029296875,624.1799926757812,2619789
2025-12-08T21:00:00.000Z,624.21,625.48,622.9054,624.51,0
2025-12-08T21:30:00.000Z,624.61,625.11,624.28,625.095,0
2025-12-08T22:00:00.000Z,625.07,625.2,624.28,625.095,0
2025-12-08T22:30:00.000Z,625.05,625.14,625.02,625.12,0
2025-12-08T23:00:00.000Z,625.14,625.51,624.28,624.89,0
2025-12-08T23:30:00.000Z,624.87,625.61,624.77,625.59,0
2025-12-09T09:00:00.000Z,624.8,624.83,624.04,624.21,0
2025-12-09T09:30:00.000Z,624.2,624.34,623.83,623.95,28963
2025-12-09T10:00:00.000Z,623.94,624.76,623.92,624.69,0
2025-12-09T10:30:00.000Z,624.7,624.82,622.68,624.3,0
2025-12-09T11:00:00.000Z,624.27,624.27,623.4,624.24,0
2025-12-09T11:30:00.000Z,624.2,624.52,624.01,624.3,0
2025-12-09T12:00:00.000Z,624.34,624.41,624,624.14,0
2025-12-09T12:30:00.000Z,624.18,624.34,623.71,624.09,0
2025-12-09T13:00:00.000Z,624.9488,625.272,622.86,623.82,0
2025-12-09T13:30:00.000Z,623.7899,624.28,622.78,623.0191,0
2025-12-09T14:00:00.000Z,622.99,623.22,622.3495,623.02,0
2025-12-09T14:30:00.000Z,624.280029296875,624.280029296875,621.6199951171875,623.3099975585938,5860045
2025-12-09T15:00:00.000Z,623.3499755859375,624.280029296875,623,623.969970703125,5167649
2025-12-09T15:30:00.000Z,624,624.6699829101562,623.47998046875,624.64501953125,1463330
2025-12-09T16:00:00.000Z,624.6300048828125,625.260009765625,624.52001953125,624.77001953125,6081424
2025-12-09T16:30:00.000Z,624.7999877929688,625.385009765625,624.27001953125,625.22998046875,7200022
2025-12-09T17:00:00.000Z,625.22998046875,625.8099975585938,624.780029296875,625.2150268554688,1253326
2025-12-09T17:30:00.000Z,625.2150268554688,625.469970703125,624.780029296875,625.4400024414062,1133599
2025-12-09T18:00:00.000Z,625.4400024414062,625.780029296875,625.1199951171875,625.6500244140625,927632
2025-12-09T18:30:00.000Z,625.6400146484375,625.8699951171875,624.8098754882812,625.5399780273438,1225905
2025-12-09T19:00:00.000Z,625.5399780273438,625.5999755859375,624.969970703125,625.280029296875,967573
2025-12-09T19:30:00.000Z,625.280029296875,625.4199829101562,624.6300048828125,625.0900268554688,11802862
2025-12-09T20:00:00.000Z,625.0900268554688,625.3599853515625,624.8900146484375,624.97998046875,929098
2025-12-09T20:30:00.000Z,624.9600219726562,625.5499877929688,624.280029296875,625.1099853515625,2468779
2025-12-09T21:00:00.000Z,625.12,625.14,624.28,624.58,0
2025-12-09T21:30:00.000Z,624.5795,624.7063,624.45,624.475,0
2025-12-09T22:00:00.000Z,624.62,625.05,624.2,624.275,0
2025-12-09T22:30:00.000Z,624.2,624.57,624.2,624.44,0
2025-12-09T23:00:00.000Z,624.46,624.74,624.365,624.49,0
2025-12-09T23:30:00.000Z,624.44,624.55,624.29,624.37,0
2025-12-10T09:00:00.000Z,625.58,625.9,625.25,625.39,0
2025-12-10T09:30:00.000Z,625.5,625.52,625.26,625.38,0
2025-12-10T10:00:00.000Z,625.31,625.9,623.5,623.5,0
2025-12-10T10:30:00.000Z,623.44,624.4,623.1,623.95,0
2025-12-10T11:00:00.000Z,623.9,624.95,623.68,624.31,0
2025-12-10T11:30:00.000Z,624.26,624.45,624.05,624.28,0
2025-12-10T12:00:00.000Z,624.33,624.33,623.49,623.86,0
2025-12-10T12:30:00.000Z,623.78,623.93,623.39,623.89,0
2025-12-10T13:00:00.000Z,623.84,626.21,623.15,625.26,0
2025-12-10T13:30:00.000Z,625.27,625.52,624.39,624.47,0
2025-12-10T14:00:00.000Z,624.47,624.67,623.6697,623.8005,0
2025-12-10T14:30:00.000Z,623.8400268554688,624.4400024414062,621.9199829101562,623.4500122070312,3780966
2025-12-10T15:00:00.000Z,623.4299926757812,624.0599975585938,622.8400268554688,623.5599975585938,1664621
2025-12-10T15:30:00.000Z,623.5599975585938,623.719970703125,621.52001953125,621.9000244140625,2308818
2025-12-10T16:00:00.000Z,621.92822265625,623.9387817382812,620.989990234375,623.8499755859375,1992816
2025-12-10T16:30:00.000Z,623.8200073242188,624.0897216796875,622.9400024414062,623.9199829101562,1485987
2025-12-10T17:00:00.000Z,623.9099731445312,624.0399780273438,623.0800170898438,623.280029296875,810164
2025-12-10T17:30:00.000Z,623.25,624.6699829101562,623.1282958984375,624.260009765625,814455
2025-12-10T18:00:00.000Z,624.260009765625,624.3200073242188,622.6099853515625,622.8718872070312,1070603
2025-12-10T18:30:00.000Z,622.8599853515625,623.469970703125,622.5900268554688,623.1300048828125,1245175
2025-12-10T19:00:00.000Z,623.114990234375,626.1099853515625,622.8699951171875,624.3400268554688,4055036
2025-12-10T19:30:00.000Z,624.3599853515625,628.3699951171875,623,628.1400146484375,5579924
2025-12-10T20:00:00.000Z,628.1300048828125,629.2000122070312,627.22998046875,628.4099731445312,3229103
2025-12-10T20:30:00.000Z,628.4199829101562,629.0599975585938,627.35498046875,627.5399780273438,22636148
2025-12-10T21:00:00.000Z,627.54,627.75,625.05,627.46,0
2025-12-10T21:30:00.000Z,627.45,627.79,627.22,627.55,0
2025-12-10T22:00:00.000Z,627.53,627.62,626.855,626.86,0
2025-12-10T22:30:00.000Z,626.85,626.9377,626.39,626.68,0
2025-12-10T23:00:00.000Z,626.7,627.61,625.5273,625.8,0
2025-12-10T23:30:00.000Z,625.85,626.05,625.8,625.8712,0
2025-12-11T09:00:00.000Z,621.16,622.64,621.04,622.44,0
2025-12-11T09:30:00.000Z,622.37,623.3,622.25,622.81,0
2025-12-11T10:00:00.000Z,622.96,623.19,622.35,622.84,0
2025-12-11T10:30:00.000Z,622.94,622.94,622.57,622.73,0
2025-12-11T11:00:00.000Z,622.75,623.08,622.59,622.89,0
2025-12-11T11:30:00.000Z,622.9,623.49,622.65,623.31,0
2025-12-11T12:00:00.000Z,623.34,624.69,623.23,624.65,0
2025-12-11T12:30:00.000Z,624.63,625.2,624.51,625,0
2025-12-11T13:00:00.000Z,623.37,628.08,619.71,624.57,0
2025-12-11T13:30:00.000Z,624.54,627.61,623.57,623.8,0
2025-12-11T14:00:00.000Z,623.8032,625.145,623.71,623.81,0
2025-12-11T14:30:00.000Z,623.8200073242188,623.9550170898438,617.97998046875,618.2899780273438,10674225
2025-12-11T15:00:00.000Z,618.3099975585938,623.5,617.719970703125,622.77001953125,3616818
2025-12-11T15:30:00.000Z,622.77001953125,623.0399780273438,619.3099975585938,621.139892578125,3702980
2025-12-11T16:00:00.000Z,621.1343994140625,621.8599853515625,619.3099975585938,619.5700073242188,2633218
2025-12-11T16:30:00.000Z,619.5700073242188,622.5399780273438,619.489990234375,620.4299926757812,2684047
2025-12-11T17:00:00.000Z,620.4199829101562,623.6801147460938,620.2899780273438,622.8900146484375,2179187
2025-12-11T17:30:00.000Z,622.8900146484375,623.9400024414062,622.3001708984375,622.6500244140625,1624119
2025-12-11T18:00:00.000Z,622.6300048828125,623.8800048828125,622.3900146484375,623.3499755859375,1298341
2025-12-11T18:30:00.000Z,623.3400268554688,624.8800048828125,623.0800170898438,623.719970703125,17716096
2025-12-11T19:00:00.000Z,623.72998046875,625.27001953125,623.6849975585938,625.1799926757812,17973335
2025-12-11T19:30:00.000Z,625.1799926757812,625.780029296875,624.9500122070312,624.969970703125,1123935
2025-12-11T20:00:00.000Z,624.97998046875,625.4199829101562,624.6300048828125,624.7050170898438,1069248
2025-12-11T20:30:00.000Z,624.7000122070312,625.719970703125,624.260009765625,625.6199951171875,3095870
2025-12-11T21:00:00.000Z,625.61,628.48,625.44,628.0837,0
2025-12-11T21:30:00.000Z,628.16,629.15,627.39,628.55,0
2025-12-11T22:00:00.000Z,628.545,628.64,625.58,625.99,0
2025-12-11T22:30:00.000Z,625.98,626.28,624,624.8,0
2025-12-11T23:00:00.000Z,625,625.94,624.0383,624.429,0
2025-12-11T23:30:00.000Z,624.45,625.05,624.41,624.56,0
2025-12-12T09:00:00.000Z,624.52,624.7,622.84,622.84,0
2025-12-12T09:30:00.000Z,622.83,622.96,622.15,622.81,0
2025-12-12T10:00:00.000Z,622.7,623.57,622.57,622.7,0
2025-12-12T10:30:00.000Z,622.7,622.87,622.23,622.64,0
2025-12-12T11:00:00.000Z,622.68,622.71,622.2,622.35,0
2025-12-12T11:30:00.000Z,622.42,622.64,621.46,621.88,0
2025-12-12T12:00:00.000Z,621.94,622.65,621.61,622.47,0
2025-12-12T12:30:00.000Z,622.44,622.97,621.89,622.28,0
2025-12-12T13:00:00.000Z,621.83,626.049,621.4892,622.73,0
2025-12-12T13:30:00.000Z,622.761,625.58,622.5,623.6792,0
2025-12-12T14:00:00.000Z,623.65,623.82,622.01,622.05,0
2025-12-12T14:30:00.000Z,621.9509887695312,623.5399780273438,620.6400146484375,622.010009765625,6328229
2025-12-12T15:00:00.000Z,622.010009765625,622.0499877929688,616.155029296875,616.27001953125,5247226
2025-12-12T15:30:00.000Z,616.260009765625,618.25,613.719970703125,614.3590087890625,4528026
2025-12-12T16:00:00.000Z,614.3300170898438,615.219970703125,611.739990234375,613.9400024414062,4993969
2025-12-12T16:30:00.000Z,613.9306030273438,613.9600219726562,611.3599853515625,612.75,3607452
2025-12-12T17:00:00.000Z,612.739990234375,615.780029296875,612.4400024414062,613.8900146484375,3210527
2025-12-12T17:30:00.000Z,613.8900146484375,616.0170288085938,613.1799926757812,615.219970703125,2086264
2025-12-12T18:00:00.000Z,615.22998046875,617.469970703125,614.8800048828125,616.739990234375,2347827
2025-12-12T18:30:00.000Z,616.719970703125,616.8300170898438,615.1400146484375,615.22998046875,1516976
2025-12-12T19:00:00.000Z,615.22998046875,615.4099731445312,613.6900024414062,613.9600219726562,1782089
2025-12-12T19:30:00.000Z,613.97998046875,614.9199829101562,613.9500122070312,614.4099731445312,1583218
2025-12-12T20:00:00.000Z,614.4099731445312,614.64501953125,613.4500122070312,613.5800170898438,1817254
2025-12-12T20:30:00.000Z,613.5800170898438,613.8800048828125,612.02001953125,613.5999755859375,6084891
2025-12-12T21:00:00.000Z,613.58,625.58,613.33,613.44,0
2025-12-12T21:30:00.000Z,613.42,613.66,613.34,613.52,0
2025-12-12T22:00:00.000Z,613.35,613.5,613.3,613.4894,0
2025-12-12T22:30:00.000Z,613.48,613.62,613.2987,613.3697,0
2025-12-12T23:00:00.000Z,613.38,613.44,613,613.11,0
2025-12-12T23:30:00.000Z,613.1182,613.12,612.85,612.8982,0
2025-12-15T09:00:00.000Z,615.38,616.34,615.22,616.32,0
2025-12-15T09:30:00.000Z,616.29,616.61,616.18,616.44,0
2025-12-15T10:00:00.000Z,616.41,616.84,616.27,616.72,0
2025-12-15T10:30:00.000Z,616.69,616.83,616.39,616.71,0
2025-12-15T11:00:00.000Z,616.64,617.02,616.5,616.9,0
2025-12-15T11:30:00.000Z,616.95,617.23,616.95,617.1,0
2025-12-15T12:00:00.000Z,617.12,617.12,616.4,616.57,0
2025-12-15T12:30:00.000Z,616.58,617.27,616.58,617.09,0
2025-12-15T13:00:00.000Z,615.4888,617.23,613.16,617.03,0
2025-12-15T13:30:00.000Z,617.02,617.7995,613.62,617.7485,0
2025-12-15T14:00:00.000Z,617.69,618.37,617.52,618.37,0
2025-12-15T14:30:00.000Z,617.75,618.1500244140625,613.6599731445312,613.9299926757812,5378415
2025-12-15T15:00:00.000Z,613.9299926757812,614.1699829101562,609.3200073242188,610.1599731445312,4272044
2025-12-15T15:30:00.000Z,610.1400146484375,613.25,609.8200073242188,612.1599731445312,2628053
2025-12-15T16:00:00.000Z,612.1599731445312,614.9000244140625,611.4500122070312,614.6199951171875,1927240
2025-12-15T16:30:00.000Z,614.635009765625,614.780029296875,611.3800048828125,612.4099731445312,2207837
2025-12-15T17:00:00.000Z,612.4400024414062,612.7750244140625,611.5900268554688,612.0700073242188,1179552
2025-12-15T17:30:00.000Z,612.0999755859375,612.97998046875,610.510009765625,611.6600952148438,1200529
2025-12-15T18:00:00.000Z,611.6199951171875,612.427490234375,610.530029296875,610.8499755859375,13452026
2025-12-15T18:30:00.000Z,610.8400268554688,612.5499877929688,610.4299926757812,612.159912109375,1015287
2025-12-15T19:00:00.000Z,612.12109375,612.8699951171875,611.4500122070312,611.75,1590264
2025-12-15T19:30:00.000Z,611.739990234375,612.2100219726562,611.030029296875,612.1199951171875,1054343
2025-12-15T20:00:00.000Z,612.0999755859375,612.22998046875,611.02001953125,611.3499755859375,1133803
2025-12-15T20:30:00.000Z,611.3599853515625,611.5098876953125,610.4099731445312,610.47998046875,2732630
2025-12-15T21:00:00.000Z,610.46,613.62,610.33,610.5485,0
2025-12-15T21:30:00.000Z,610.53,610.9399,610.53,610.92,0
2025-12-15T22:00:00.000Z,610.8327,611,610.54,610.85,0
2025-12-15T22:30:00.000Z,610.9,610.9681,610.66,610.7,0
2025-12-15T23:00:00.000Z,610.77,611.41,610.5499,610.71,0
2025-12-15T23:30:00.000Z,610.72,610.72,609.39,609.84,0
2025-12-16T09:00:00.000Z,605.96,608.1,605.96,607.67,0
2025-12-16T09:30:00.000Z,607.67,608.02,606.63,607,0
2025-12-16T10:00:00.000Z,607.02,608.3,606.64,608.22,0
2025-12-16T10:30:00.000Z,608.25,609.14,607.95,608.53,0
2025-12-16T11:00:00.000Z,608.53,608.71,608.25,608.5,0
2025-12-16T11:30:00.000Z,608.56,609.66,608.27,609.66,0
2025-12-16T12:00:00.000Z,609.63,610.27,609.39,610.01,0
2025-12-16T12:30:00.000Z,610.03,610.36,609.66,609.77,0
2025-12-16T13:00:00.000Z,607.3112,610.997,604.498,609.64,0
2025-12-16T13:30:00.000Z,609.71,611.83,608.43,608.7307,0
2025-12-16T14:00:00.000Z,608.62,609.64,608.0936,608.2903,0
2025-12-16T14:30:00.000Z,608.2739868164062,612.25,607.5850219726562,612.1099853515625,4676927
2025-12-16T15:00:00.000Z,612.2100219726562,612.47998046875,606.969970703125,608.5,3086540
2025-12-16T15:30:00.000Z,608.489990234375,610.8300170898438,607.3809814453125,610.4500122070312,2148209
2025-12-16T16:00:00.000Z,610.469970703125,610.9450073242188,607.8499755859375,608.2999877929688,2115771
2025-12-16T16:30:00.000Z,608.2999877929688,610.8499755859375,607.8800048828125,610.72998046875,1569575
2025-12-16T17:00:00.000Z,610.77001953125,611.2000122070312,608.9099731445312,609.280029296875,1830212
2025-12-16T17:30:00.000Z,609.2501220703125,610.4000244140625,607.3699951171875,607.5689697265625,1420222
2025-12-16T18:00:00.000Z,607.530029296875,608.3599853515625,606.9100952148438,607.6441040039062,1593254
2025-12-16T18:30:00.000Z,607.6500244140625,611.1300048828125,607.5900268554688,610.2999877929688,1749384
2025-12-16T19:00:00.000Z,610.260009765625,610.3300170898438,608.1699829101562,609.5349731445312,18958497
2025-12-16T19:30:00.000Z,609.530029296875,611.2100219726562,609.3400268554688,610.469970703125,1341726
2025-12-16T20:00:00.000Z,610.4600219726562,611.8699951171875,610.260009765625,611.7999877929688,1528616
2025-12-16T20:30:00.000Z,611.7899780273438,613.510009765625,611.756591796875,611.7999877929688,2987603
2025-12-16T21:00:00.000Z,611.82,613.04,610.28,610.68,0
2025-12-16T21:30:00.000Z,610.6596,612.0894,610.5,610.59,0
2025-12-16T22:00:00.000Z,610.6881,611.75,610.5,610.87,0
2025-12-16T22:30:00.000Z,610.9,611.04,610.815,610.9,0
2025-12-16T23:00:00.000Z,610.88,611.315,610,610.935,0
2025-12-16T23:30:00.000Z,610.99,611.48,610.34,610.54,0
2025-12-17T09:00:00.000Z,612.78,613.55,612.59,613.29,0
2025-12-17T09:30:00.000Z,613.33,614.2,613.21,614.11,0
2025-12-17T10:00:00.000Z,614.02,614.5,613.86,614.19,0
2025-12-17T10:30:00.000Z,614.28,614.7,614.05,614.52,0
2025-12-17T11:00:00.000Z,614.54,614.88,614.15,614.36,0
2025-12-17T11:30:00.000Z,614.34,614.79,614.34,614.78,0
2025-12-17T12:00:00.000Z,614.79,614.9,614.33,614.4,0
2025-12-17T12:30:00.000Z,614.38,615.12,614.35,614.649,0
2025-12-17T13:00:00.000Z,612.8388,615.1288,610,613.63,0
2025-12-17T13:30:00.000Z,613.55,614.75,611.75,614.1054,0
2025-12-17T14:00:00.000Z,614.07,614.48,612.93,613.06,0
2025-12-17T14:30:00.000Z,613.0900268554688,613.6500244140625,608.8900756835938,611.0599975585938,5864224
2025-12-17T15:00:00.000Z,611.0499877929688,611.3599853515625,609.72998046875,610.7100219726562,2700759
2025-12-17T15:30:00.000Z,610.6699829101562,611.02978515625,603.9099731445312,604.510009765625,4822392
2025-12-17T16:00:00.000Z,604.47998046875,606.030029296875,603.27001953125,604.739990234375,3653277
2025-12-17T16:30:00.000Z,604.7000122070312,604.719970703125,602.77001953125,604,2522473
2025-12-17T17:00:00.000Z,603.989990234375,604.9949951171875,602.719970703125,604.1500244140625,3215049
2025-12-17T17:30:00.000Z,604.1500244140625,605.1500244140625,602.75,603.6799926757812,2074448
2025-12-17T18:00:00.000Z,603.72998046875,605.010009765625,602.9498901367188,603.4099731445312,1972587
2025-12-17T18:30:00.000Z,603.4149780273438,603.5650024414062,601.5800170898438,602.1599731445312,2393645
2025-12-17T19:00:00.000Z,602.1099853515625,602.4299926757812,601.5700073242188,601.77001953125,1738172
2025-12-17T19:30:00.000Z,601.75,602.8250122070312,601.2999877929688,602.5900268554688,2753486
2025-12-17T20:00:00.000Z,602.5800170898438,602.77001953125,601.7000122070312,602.0399780273438,22201055
2025-12-17T20:30:00.000Z,602.0499877929688,602.4500122070312,600.280029296875,600.3599853515625,4619597
2025-12-17T21:00:00.000Z,600.37,611.75,600.37,601.94,0
2025-12-17T21:30:00.000Z,601.975,602.4,601.58,602.09,0
2025-12-17T22:00:00.000Z,602.14,602.45,601.92,602.435,0
2025-12-17T22:30:00.000Z,602.45,602.85,602.28,602.8,0
2025-12-17T23:00:00.000Z,602.79,602.92,601.5,602.03,0
2025-12-17T23:30:00.000Z,602.01,602.489,601.33,601.445,0
2025-12-18T09:00:00.000Z,604.46,604.67,603.94,604.38,0
2025-12-18T09:30:00.000Z,604.42,605.52,604.42,605.5,0
2025-12-18T10:00:00.000Z,605.5,605.54,604.78,605.23,0
2025-12-18T10:30:00.000Z,605.21,605.52,604.93,605.09,0
2025-12-18T11:00:00.000Z,605.13,605.61,604.99,605.33,0
2025-12-18T11:30:00.000Z,605.31,605.72,605.2,605.72,0
2025-12-18T12:00:00.000Z,605.61,605.92,605.361,605.51,0
2025-12-18T12:30:00.000Z,605.5,605.78,605.26,605.44,0
2025-12-18T13:00:00.000Z,605.45,605.99,600.41,605.65,0
2025-12-18T13:30:00.000Z,605.75,609.46,600.41,608.44,0
2025-12-18T14:00:00.000Z,608.454,609.9,608.43,609.7989,0
2025-12-18T14:30:00.000Z,609.760009765625,610.9500122070312,606.9199829101562,609.6799926757812,8691821
2025-12-18T15:00:00.000Z,609.6749877929688,611.1599731445312,607.239990234375,610.8298950195312,4318970
2025-12-18T15:30:00.000Z,610.8200073242188,612.81982421875,610.4600219726562,611.8099975585938,3968759
2025-12-18T16:00:00.000Z,611.8099975585938,612.9299926757812,611.3150024414062,611.5399780273438,3073501
2025-12-18T16:30:00.000Z,611.530029296875,612.9199829101562,611.47998046875,612.3099975585938,2603665
2025-12-18T17:00:00.000Z,612.3099975585938,612.3099975585938,607.510009765625,608.5999755859375,4757551
2025-12-18T17:30:00.000Z,608.5900268554688,611.75,608.27001953125,611.5598754882812,20700251
2025-12-18T18:00:00.000Z,611.5599975585938,612.0549926757812,610.6699829101562,611.739990234375,1401782
2025-12-18T18:30:00.000Z,611.75,612.7000122070312,611.0700073242188,611.2150268554688,22332561
2025-12-18T19:00:00.000Z,611.2100219726562,611.239990234375,609.2100219726562,609.780029296875,24483513
2025-12-18T19:30:00.000Z,609.77001953125,609.8900146484375,607.75,608.0900268554688,2142403
2025-12-18T20:00:00.000Z,608.0900268554688,610.6300048828125,607.719970703125,610.4400024414062,26576091
2025-12-18T20:30:00.000Z,610.4400024414062,611.2730102539062,609.1400146484375,609.1500244140625,3535816
2025-12-18T21:00:00.000Z,609.15,611.17,600.41,608.335,0
2025-12-18T21:30:00.000Z,608.33,608.4296,607.85,608.26,0
2025-12-18T22:00:00.000Z,608.29,609.11,608.28,608.85,0
2025-12-18T22:30:00.000Z,608.8,609.14,608.56,609.14,0
2025-12-18T23:00:00.000Z,609.04,609.12,608.17,608.505,0
2025-12-18T23:30:00.000Z,608.52,609.25,608.41,609.23,0
2025-12-19T09:00:00.000Z,612.29,612.76,611.95,612.7,0
2025-12-19T09:30:00.000Z,612.65,612.81,612.29,612.61,0
2025-12-19T10:00:00.000Z,612.54,612.56,611.92,612.43,0
2025-12-19T10:30:00.000Z,612.31,612.52,611.95,612.05,0
2025-12-19T11:00:00.000Z,611.95,612.07,611,611.94,0
2025-12-19T11:30:00.000Z,611.9,612.12,611.37,611.53,0
2025-12-19T12:00:00.000Z,611.6,611.93,610.93,611.37,0
2025-12-19T12:30:00.000Z,611.44,611.53,610.06,610.06,0
2025-12-19T13:00:00.000Z,611.68,612.8092,609.11,610.8507,0
2025-12-19T13:30:00.000Z,610.84,611.5,609.11,611.09,0
2025-12-19T14:00:00.000Z,611.1,612.47,610.51,612.13,0
2025-12-19T14:30:00.000Z,611.9500122070312,616.9600219726562,611.885009765625,616.6500244140625,6913118
2025-12-19T15:00:00.000Z,616.6400146484375,617.6199951171875,614.3800048828125,615.4000244140625,3143729
2025-12-19T15:30:00.000Z,615.4000244140625,616.489990234375,614.47998046875,614.8150024414062,2024532
2025-12-19T16:00:00.000Z,614.7999877929688,616.6500244140625,614.239990234375,616.2000122070312,6224411
2025-12-19T16:30:00.000Z,616.2100219726562,616.72998046875,615.0900268554688,615.3400268554688,1810113
2025-12-19T17:00:00.000Z,615.3599853515625,617.0900268554688,615.280029296875,616.9600219726562,2024522
2025-12-19T17:30:00.000Z,616.969970703125,617.5,616.5599975585938,617.0399780273438,1261261
2025-12-19T18:00:00.000Z,617.0349731445312,617.3800048828125,616.8300170898438,616.97998046875,1129953
2025-12-19T18:30:00.000Z,616.989990234375,617.0900268554688,616.280029296875,616.47998046875,14106467
2025-12-19T19:00:00.000Z,616.469970703125,617.239990234375,616.4600219726562,617.1300048828125,1709952
2025-12-19T19:30:00.000Z,617.10498046875,617.3900146484375,616.8709716796875,616.9000244140625,1095970
2025-12-19T20:00:00.000Z,616.8900146484375,617.35498046875,616.8599853515625,617.239990234375,1443149
2025-12-19T20:30:00.000Z,617.219970703125,617.47998046875,616.3499755859375,617.239990234375,5195501
2025-12-19T21:00:00.000Z,617.24,617.57,609.11,617.37,0
2025-12-19T21:30:00.000Z,617.37,618,617.05,617.57,0
2025-12-19T22:00:00.000Z,617.63,653.111,617.05,617.93,0
2025-12-19T22:30:00.000Z,618.04,618.5,617.8547,618.1,0
2025-12-19T23:00:00.000Z,618.075,618.3957,618.05,618.2101,0
2025-12-19T23:30:00.000Z,618.21,618.49,618.21,618.42,0
2025-12-22T09:00:00.000Z,619.02,619.79,619.02,619.7,0
2025-12-22T09:30:00.000Z,619.66,619.99,619.58,619.7,0
2025-12-22T10:00:00.000Z,619.67,619.88,619.59,619.74,0
2025-12-22T10:30:00.000Z,619.74,619.78,619.59,619.61,0
2025-12-22T11:00:00.000Z,619.58,619.88,619.55,619.84,0
2025-12-22T11:30:00.000Z,619.8,619.8,619.45,619.45,0
2025-12-22T12:00:00.000Z,619.47,620.18,619.39,620.14,0
2025-12-22T12:30:00.000Z,620.12,620.38,619.931,620.32,0
2025-12-22T13:00:00.000Z,619.51,620.8,617.05,620.6,0
2025-12-22T13:30:00.000Z,620.6,620.78,616.2559,620.74,0
2025-12-22T14:00:00.000Z,620.735,621.45,619.46,621.33,0
2025-12-22T14:30:00.000Z,621.3800048828125,621.6500244140625,618.7525024414062,620.5800170898438,6127788
2025-12-22T15:00:00.000Z,620.5700073242188,620.739990234375,618.84130859375,619.1799926757812,2567283
2025-12-22T15:30:00.000Z,619.1900024414062,619.3900146484375,617.77001953125,618.85791015625,2478463
2025-12-22T16:00:00.000Z,618.8599853515625,619.9400024414062,618.8150024414062,619.739990234375,1932162
2025-12-22T16:30:00.000Z,619.739990234375,619.8099975585938,619.2100219726562,619.8099975585938,1120713
2025-12-22T17:00:00.000Z,619.8200073242188,619.9000244140625,619.3400268554688,619.4299926757812,1239599
2025-12-22T17:30:00.000Z,619.4299926757812,620.0700073242188,619.1300048828125,619.9550170898438,1148953
2025-12-22T18:00:00.000Z,619.9400024414062,619.969970703125,618.8200073242188,619.1799926757812,1111643
2025-12-22T18:30:00.000Z,619.1799926757812,619.4375,618.9400024414062,619.1799926757812,1337774
2025-12-22T19:00:00.000Z,619.1799926757812,619.4400024414062,618.8623046875,619.4000244140625,891373
2025-12-22T19:30:00.000Z,619.39501953125,619.7100219726562,619.14501953125,619.1900024414062,911169
2025-12-22T20:00:00.000Z,619.1900024414062,619.27001953125,618.9299926757812,619.1300048828125,967407
2025-12-22T20:30:00.000Z,619.1199951171875,619.489990234375,618.9600219726562,619.1500244140625,2568169
2025-12-22T21:00:00.000Z,619.16,619.59,617.05,619.346,0
2025-12-22T21:30:00.000Z,619.34,619.4987,619.21,619.4122,0
2025-12-22T22:00:00.000Z,619.44,619.71,619.21,619.58,0
2025-12-22T22:30:00.000Z,619.58,619.63,619.45,619.56,0
2025-12-22T23:00:00.000Z,619.5,619.83,619.5,619.74,0
2025-12-22T23:30:00.000Z,619.73,619.969,619.63,619.74,0
2025-12-23T09:00:00.000Z,619.32,619.96,619.3,619.95,0
2025-12-23T09:30:00.000Z,619.97,620.19,619.93,619.98,0
2025-12-23T10:00:00.000Z,619.99,620.1,619.51,619.68,0
2025-12-23T10:30:00.000Z,619.64,619.75,619.5,619.7,0
2025-12-23T11:00:00.000Z,619.68,619.72,619.2,619.46,0
2025-12-23T11:30:00.000Z,619.42,619.59,619.3,619.35,0
2025-12-23T12:00:00.000Z,619.33,619.51,618.69,618.7,0
2025-12-23T12:30:00.000Z,618.71,619.18,618.59,619.18,0
2025-12-23T13:00:00.000Z,619.21,620.1902,618.4595,618.8996,0
2025-12-23T13:30:00.000Z,618.92,619.21,617.35,617.64,0
2025-12-23T14:00:00.000Z,617.63,618.26,617.39,618.2,0
2025-12-23T14:30:00.000Z,620,620.7150268554688,618.8900146484375,619.3101196289062,4223198
2025-12-23T15:00:00.000Z,619.3300170898438,619.3699951171875,617.780029296875,618.8988037109375,2159468
2025-12-23T15:30:00.000Z,618.8900146484375,620.47998046875,618.8699951171875,620.2313232421875,1790155
2025-12-23T16:00:00.000Z,620.25,620.75,620.1400146484375,620.52001953125,1209746
2025-12-23T16:30:00.000Z,620.52001953125,621.3098754882812,620.239990234375,621.22998046875,1603096
2025-12-23T17:00:00.000Z,621.239990234375,621.3300170898438,620.9500122070312,621.0700073242188,920316
2025-12-23T17:30:00.000Z,621.0700073242188,621.219970703125,620.6900024414062,620.78759765625,1205992
2025-12-23T18:00:00.000Z,620.7899780273438,621.405029296875,620.7286987304688,621.1699829101562,967842
2025-12-23T18:30:00.000Z,621.1799926757812,621.3800048828125,621.1099853515625,621.25,846134
2025-12-23T19:00:00.000Z,621.25,621.6699829101562,621.2182006835938,621.5499877929688,864458
2025-12-23T19:30:00.000Z,621.5499877929688,621.8800048828125,621.4500122070312,621.7999877929688,792826
2025-12-23T20:00:00.000Z,621.7999877929688,622.0150146484375,621.760009765625,621.8499755859375,1044300
2025-12-23T20:30:00.000Z,621.8400268554688,622.4000244140625,621.760009765625,622.2100219726562,2299848
2025-12-23T21:00:00.000Z,622.21,622.47,619.21,622.33,0
2025-12-23T21:30:00.000Z,622.31,622.38,622.01,622.305,0
2025-12-23T22:00:00.000Z,622.3,622.3,622,622.08,0
2025-12-23T22:30:00.000Z,622.065,622.11,622,622.065,0
2025-12-23T23:00:00.000Z,622.15,622.32,622.0027,622.115,0
2025-12-23T23:30:00.000Z,622.1097,622.22,622,622.17,0
2025-12-24T09:00:00.000Z,621.87,622.24,621.7,622.16,0
2025-12-24T09:30:00.000Z,622.11,622.18,622.05,622.09,0
2025-12-24T10:00:00.000Z,622.01,622.05,621.82,621.94,0
2025-12-24T10:30:00.000Z,621.94,622.01,621.9,621.98,0
2025-12-24T11:00:00.000Z,621.94,622.12,621.86,621.89,0
2025-12-24T11:30:00.000Z,621.92,621.92,621.78,621.92,0
2025-12-24T12:00:00.000Z,621.93,622.5,621.86,622.269,0
2025-12-24T12:30:00.000Z,622.27,622.53,622.27,622.51,0
2025-12-24T13:00:00.000Z,621.9088,622.576,621.5625,622.4,0
2025-12-24T13:30:00.000Z,622.37,622.8702,622.11,622.6505,0
2025-12-24T14:00:00.000Z,622.68,622.68,621.92,621.97,0
2025-12-24T14:30:00.000Z,622.25,622.6599731445312,621.719970703125,622.3400268554688,2404374
2025-12-24T15:00:00.000Z,622.3231811523438,623.0700073242188,622.2000122070312,622.4813232421875,1362526
2025-12-24T15:30:00.000Z,622.481201171875,622.8699951171875,622.3200073242188,622.7913208007812,915032
2025-12-24T16:00:00.000Z,622.7999877929688,623.4299926757812,622.780029296875,623.3599853515625,1094457
2025-12-24T16:30:00.000Z,623.3699951171875,624.0800170898438,623.2899780273438,623.8800048828125,1097311
2025-12-24T17:00:00.000Z,623.8900146484375,624.0399780273438,623.6110229492188,623.8699951171875,926987
2025-12-24T17:30:00.000Z,623.8599853515625,624.27001953125,623.6500244140625,623.9400024414062,1631245
2025-12-24T18:00:00.000Z,623.9400024414062,623.9600219726562,622.1099853515625,623.1868896484375,0
2025-12-24T18:30:00.000Z,623.15,623.93,622.93,623.0201,0
2025-12-24T19:00:00.000Z,623.03,623.26,623.02,623.21,0
2025-12-24T19:30:00.000Z,623.248,623.93,623.05,623.101,0
2025-12-24T20:00:00.000Z,623.12,623.25,623.1,623.22,0
2025-12-24T20:30:00.000Z,623.25,623.35,623.18,623.225,0
2025-12-24T21:00:00.000Z,623.24,623.25,623.14,623.18,0
2025-12-24T21:30:00.000Z,623.1709,623.19,623,623.02,0
2025-12-26T09:00:00.000Z,623.06,623.98,623.06,623.75,0
2025-12-26T09:30:00.000Z,623.78,624.16,623.78,624.16,0
2025-12-26T10:00:00.000Z,624.18,624.5,624.14,624.25,0
2025-12-26T10:30:00.000Z,624.29,624.43,624.2,624.2,0
2025-12-26T11:00:00.000Z,624.37,624.41,624.25,624.25,0
2025-12-26T11:30:00.000Z,624.22,624.26,623.9,624.14,0
2025-12-26T12:00:00.000Z,624.15,624.34,623.99,624.28,0
2025-12-26T12:30:00.000Z,624.3,624.6,624.28,624.49,0
2025-12-26T13:00:00.000Z,623.6288,624.73,623.3975,624.6,0
2025-12-26T13:30:00.000Z,624.55,625.23,623.93,624.595,0
2025-12-26T14:00:00.000Z,624.6,624.9352,624.4812,624.68,0
2025-12-26T14:30:00.000Z,624.625,625.5150146484375,623.8599853515625,624.2349853515625,2648218
2025-12-26T15:00:00.000Z,624.219970703125,624.4000244140625,623.1400146484375,624.3400268554688,3981751
2025-12-26T15:30:00.000Z,624.3300170898438,624.863525390625,624.1099853515625,624.7113037109375,1154476
2025-12-26T16:00:00.000Z,624.7100219726562,624.989990234375,623.7000122070312,624.2999877929688,1068195
2025-12-26T16:30:00.000Z,624.3099975585938,624.4949951171875,624.0800170898438,624.1099853515625,589759
2025-12-26T17:00:00.000Z,624.126220703125,624.25,623.510009765625,624.239990234375,7027496
2025-12-26T17:30:00.000Z,624.239990234375,624.2802734375,623.75,624.0449829101562,457638
2025-12-26T18:00:00.000Z,624.0499877929688,624.2750244140625,623.6199951171875,623.989990234375,707910
2025-12-26T18:30:00.000Z,623.989990234375,624.530029296875,623.969970703125,624.5,637157
2025-12-26T19:00:00.000Z,624.510009765625,624.6699829101562,624.2050170898438,624.260009765625,540932
2025-12-26T19:30:00.000Z,624.260009765625,624.5900268554688,624.0850219726562,624.4849853515625,648025
2025-12-26T20:00:00.000Z,624.469970703125,624.5,623.9299926757812,624.0599975585938,844830
2025-12-26T20:30:00.000Z,624.0599975585938,624.2150268554688,623.6699829101562,623.8400268554688,2441586
2025-12-26T21:00:00.000Z,623.86,624.05,623.72,623.765,0
2025-12-26T21:30:00.000Z,623.755,623.765,623.58,623.6742,0
2025-12-26T22:00:00.000Z,623.605,623.89,623.5,623.575,0
2025-12-26T22:30:00.000Z,623.585,623.89,623.51,623.53,0
2025-12-26T23:00:00.000Z,623.55,623.6,623.5,623.52,0
2025-12-26T23:30:00.000Z,623.53,623.6965,623.455,623.64,0
2025-12-29T09:00:00.000Z,622.17,622.17,621,621.6,0
2025-12-29T09:30:00.000Z,621.48,621.48,620.75,621.44,0
2025-12-29T10:00:00.000Z,621.38,621.59,621.09,621.32,0
2025-12-29T10:30:00.000Z,621.42,621.42,621,621.07,0
2025-12-29T11:00:00.000Z,621.03,621.24,620.81,620.99,0
2025-12-29T11:30:00.000Z,621.03,621.7,621.03,621.62,0
2025-12-29T12:00:00.000Z,621.61,621.79,621.39,621.56,0
2025-12-29T12:30:00.000Z,621.56,621.64,620.791,621.05,0
2025-12-29T13:00:00.000Z,621.1988,624.357,620.7595,621.1,0
2025-12-29T13:30:00.000Z,621.0714,623.89,619.01,619.8197,0
2025-12-29T14:00:00.000Z,619.81,620.19,618.92,620.155,0
2025-12-29T14:30:00.000Z,620,622.7750244140625,619.1300048828125,620.47998046875,4271830
2025-12-29T15:00:00.000Z,620.5,621.1400146484375,619.030029296875,621.030029296875,1949351
2025-12-29T15:30:00.000Z,621.02001953125,621.6900024414062,619.344970703125,620.02001953125,1619817
2025-12-29T16:00:00.000Z,620.010009765625,620.3634033203125,619.489990234375,620.0650024414062,1162130
2025-12-29T16:30:00.000Z,620.030029296875,620.3800048828125,619.4849853515625,619.8599853515625,1179969
2025-12-29T17:00:00.000Z,619.8599853515625,620.1199951171875,618.72998046875,618.97607421875,8341691
2025-12-29T17:30:00.000Z,618.9749755859375,620.0899047851562,618.9000244140625,619.9500122070312,971590
2025-12-29T18:00:00.000Z,619.9400024414062,620.2100219726562,619.5,620.02001953125,726108
2025-12-29T18:30:00.000Z,620.02001953125,620.6599731445312,619.7249755859375,619.8400268554688,671786
2025-12-29T19:00:00.000Z,619.8300170898438,620.2650146484375,619.5900268554688,620.2249755859375,624581
2025-12-29T19:30:00.000Z,620.219970703125,621.6950073242188,620.1799926757812,621.489990234375,1357885
2025-12-29T20:00:00.000Z,621.4949951171875,621.510009765625,621.0900268554688,621.1099853515625,763085
2025-12-29T20:30:00.000Z,621.114990234375,621.3200073242188,620.6099853515625,620.8800048828125,1629283
2025-12-29T21:00:00.000Z,620.88,623.89,620.09,620.93,0
2025-12-29T21:30:00.000Z,620.94,621.03,620.83,620.98,0
2025-12-29T22:00:00.000Z,621.01,621.01,620.86,620.895,0
2025-12-29T22:30:00.000Z,620.87,621,620.75,620.805,0
2025-12-29T23:00:00.000Z,620.87,620.94,620.1297,620.14,0
2025-12-29T23:30:00.000Z,620.145,620.455,620.07,620.08,0
2025-12-30T09:00:00.000Z,620.91,621.22,620.74,621.22,0
2025-12-30T09:30:00.000Z,621.22,621.25,620.78,621,0
2025-12-30T10:00:00.000Z,621.01,621.12,620.9,620.95,0
2025-12-30T10:30:00.000Z,620.94,621.03,620.55,620.66,0
2025-12-30T11:00:00.000Z,620.62,620.69,620.13,620.21,0
2025-12-30T11:30:00.000Z,620.27,620.9,620.23,620.86,0
2025-12-30T12:00:00.000Z,620.82,621,620.699,620.73,0
2025-12-30T12:30:00.000Z,620.7,620.881,620.33,620.64,0
2025-12-30T13:00:00.000Z,620.9688,621.26,619.67,620.8391,0
2025-12-30T13:30:00.000Z,620.8001,620.87,619.83,620.341,0
2025-12-30T14:00:00.000Z,620.3,620.54,619.75,619.83,0
2025-12-30T14:30:00.000Z,620.5,621.75,619.3800048828125,621.3300170898438,2681204
2025-12-30T15:00:00.000Z,621.2999877929688,621.4199829101562,619.5900268554688,619.9600219726562,1764760
2025-12-30T15:30:00.000Z,619.9400024414062,621.22998046875,619.5800170898438,621.041015625,1328241
2025-12-30T16:00:00.000Z,621.030029296875,622.1699829101562,620.9100952148438,621.7100219726562,5363266
2025-12-30T16:30:00.000Z,621.7100219726562,621.77001953125,620.4000244140625,620.469970703125,1120925
2025-12-30T17:00:00.000Z,620.4600219726562,620.5900268554688,620.010009765625,620.5399780273438,1097504
2025-12-30T17:30:00.000Z,620.5399780273438,620.9099731445312,620.2999877929688,620.7000122070312,7356986
2025-12-30T18:00:00.000Z,620.7100219726562,620.9199829101562,620.1900024414062,620.8699951171875,906006
2025-12-30T18:30:00.000Z,620.8699951171875,621.030029296875,620.4500122070312,620.75,819928
2025-12-30T19:00:00.000Z,620.72998046875,620.97998046875,620.3300170898438,620.8150024414062,730014
2025-12-30T19:30:00.000Z,620.8200073242188,620.9400024414062,620.1500244140625,620.3099975585938,10031404
2025-12-30T20:00:00.000Z,620.2999877929688,620.4400024414062,619.5999755859375,620.125,881024
2025-12-30T20:30:00.000Z,620.1199951171875,620.35498046875,619.2150268554688,619.4199829101562,1937195
2025-12-30T21:00:00.000Z,619.42,620.87,619.24,619.59,0
2025-12-30T21:30:00.000Z,619.6315,619.7,619.37,619.41,0
2025-12-30T22:00:00.000Z,619.4,619.58,619.4,619.54,0
2025-12-30T22:30:00.000Z,619.53,619.59,619.45,619.4503,0
2025-12-30T23:00:00.000Z,619.5,619.6981,618.9797,619.16,0
2025-12-30T23:30:00.000Z,619.1181,619.179,618.659,618.9601,0
2025-12-31T09:00:00.000Z,616.73,617.43,616.73,617.04,0
2025-12-31T09:30:00.000Z,617.08,617.28,617.04,617.1,0
2025-12-31T10:00:00.000Z,617,617.45,616.87,617.4,0
2025-12-31T10:30:00.000Z,617.5,617.5,617.22,617.35,0
2025-12-31T11:00:00.000Z,617.49,617.73,617.39,617.64,0
2025-12-31T11:30:00.000Z,617.67,618.05,617.65,618.02,0
2025-12-31T12:00:00.000Z,618.01,618.44,617.79,618.4,0
2025-12-31T12:30:00.000Z,618.33,618.54,618.27,618.53,0
2025-12-31T13:00:00.000Z,616.8288,619.43,616.7015,618.91,0
2025-12-31T13:30:00.000Z,618.86,620.5,618.771,620.2007,0
2025-12-31T14:00:00.000Z,620.25,620.57,619.63,619.68,0
2025-12-31T14:30:00.000Z,619.625,619.9600219726562,617.3311767578125,617.9199829101562,3488126
2025-12-31T15:00:00.000Z,617.9299926757812,618.2000122070312,617.030029296875,617.8400268554688,1705362
2025-12-31T15:30:00.000Z,617.8300170898438,617.989990234375,616.4500122070312,616.7449951171875,1588404
2025-12-31T16:00:00.000Z,616.7150268554688,617.739990234375,616.6900024414062,617.719970703125,1242739
2025-12-31T16:30:00.000Z,617.72998046875,617.969970703125,617.1199951171875,617.9154052734375,868943
2025-12-31T17:00:00.000Z,617.9099731445312,617.9400024414062,617.0399780273438,617.4849853515625,1050120
2025-12-31T17:30:00.000Z,617.47998046875,617.9099731445312,617.1300048828125,617.3571166992188,1020855
2025-12-31T18:00:00.000Z,617.3499755859375,617.9000244140625,617.1599731445312,617.85009765625,661200
2025-12-31T18:30:00.000Z,617.8599853515625,618.47998046875,617.7000732421875,618.1300048828125,10141011
2025-12-31T19:00:00.000Z,618.1199951171875,618.5999755859375,617.3079833984375,617.3400268554688,756485
2025-12-31T19:30:00.000Z,617.3400268554688,617.4199829101562,616.1900024414062,616.2899780273438,1396094
2025-12-31T20:00:00.000Z,616.280029296875,616.3699951171875,614.75,614.8767700195312,2160924
2025-12-31T20:30:00.000Z,614.8800048828125,615.739990234375,614.0499877929688,614.280029296875,4763742
2025-12-31T21:00:00.000Z,614.26,619.43,613.94,614.06,0
2025-12-31T21:30:00.000Z,614.05,614.31,613.71,613.83,0
2025-12-31T22:00:00.000Z,613.79,614.31,607.4732,614.095,0
2025-12-31T22:30:00.000Z,614.095,614.31,614,614.28,0
2025-12-31T23:00:00.000Z,614.28,614.36,614.2497,614.28,0
2025-12-31T23:30:00.000Z,614.28,614.33,614.23,614.33,0
2026-01-02T09:00:00.000Z,620.57,621.33,620.54,621.17,0
2026-01-02T09:30:00.000Z,621.2,621.29,620.94,621.2,0
2026-01-02T10:00:00.000Z,621.29,621.3,620.72,620.82,0
2026-01-02T10:30:00.000Z,620.83,621.28,620.6,621.14,0
2026-01-02T11:00:00.000Z,621.14,621.42,620.79,620.81,0
2026-01-02T11:30:00.000Z,620.87,621.12,620.85,621.07,0
2026-01-02T12:00:00.000Z,621.05,621.05,619.98,620.33,0
2026-01-02T12:30:00.000Z,620.27,620.52,620.12,620.44,0
2026-01-02T13:00:00.000Z,620.85,621.4118,614.31,620.33,0
2026-01-02T13:30:00.000Z,620.32,620.46,614.31,620.2186,0
2026-01-02T14:00:00.000Z,620.2,620.5461,619.515,620.07,0
2026-01-02T14:30:00.000Z,620,622.8499755859375,618.9000244140625,621.1901245117188,5271751
2026-01-02T15:00:00.000Z,621.1900024414062,622.27001953125,614.6099853515625,615.4099731445312,4580837
2026-01-02T15:30:00.000Z,615.4099731445312,618.1199951171875,612.3099975585938,612.6649780273438,4390873
2026-01-02T16:00:00.000Z,612.6799926757812,613.4530029296875,610.75,612.760009765625,4836570
2026-01-02T16:30:00.000Z,612.72998046875,613.9249877929688,611,611.9500122070312,2209915
2026-01-02T17:00:00.000Z,611.9000244140625,613.4249877929688,611.3099975585938,613.0098876953125,1569484
2026-01-02T17:30:00.000Z,613.010009765625,613.3372192382812,611.260009765625,611.5599975585938,1444279
2026-01-02T18:00:00.000Z,611.52001953125,612.4949951171875,611.1500244140625,611.760009765625,1084981
2026-01-02T18:30:00.000Z,611.75,612.1900024414062,610.1500244140625,610.8400268554688,1576912
2026-01-02T19:00:00.000Z,610.8377075195312,613.8099975585938,610.7100219726562,613.5900268554688,1815452
2026-01-02T19:30:00.000Z,613.5900268554688,614.6900024414062,613.0650024414062,613.3599853515625,2026633
2026-01-02T20:00:00.000Z,613.3499755859375,614.5499877929688,613.0900268554688,614.1099853515625,1244060
2026-01-02T20:30:00.000Z,614.0999755859375,614.3200073242188,612.5,613.0900268554688,24376037
2026-01-02T21:00:00.000Z,613.09,614.31,612.92,613.27,0
2026-01-02T21:30:00.000Z,613.255,613.4,612.91,613.25,0
2026-01-02T22:00:00.000Z,613.25,613.29,613.04,613.19,0
2026-01-02T22:30:00.000Z,613.16,613.27,613,613.27,0
2026-01-02T23:00:00.000Z,613.28,653.111,613.07,613.21,0
2026-01-02T23:30:00.000Z,613.255,613.48,613.212,613.4795,0
2026-01-05T09:00:00.000Z,616.01,616.66,615.8,615.88,0
2026-01-05T09:30:00.000Z,615.87,616.5,615.82,616.19,0
2026-01-05T10:00:00.000Z,616.26,617.18,616.21,616.97,0
2026-01-05T10:30:00.000Z,616.93,617.3,616.73,617.19,0
2026-01-05T11:00:00.000Z,617.17,617.51,616.97,617.08,0
2026-01-05T11:30:00.000Z,617.06,617.76,617.06,617.52,0
2026-01-05T12:00:00.000Z,617.56,617.96,617.3,617.35,0
2026-01-05T12:30:00.000Z,617.34,617.6,616.98,617.26,0
2026-01-05T13:00:00.000Z,617.31,617.94,612.661,616.815,0
2026-01-05T13:30:00.000Z,616.84,618.07,616.84,617.7102,0
2026-01-05T14:00:00.000Z,617.73,619.4,617.7,619.38,0
2026-01-05T14:30:00.000Z,619.280029296875,619.9600219726562,616.719970703125,618.0599975585938,5977541
2026-01-05T15:00:00.000Z,618.0999755859375,620.22998046875,617.4099731445312,619.9801025390625,2476791
2026-01-05T15:30:00.000Z,620,620.3900146484375,619.1199951171875,619.780029296875,1753843
2026-01-05T16:00:00.000Z,619.780029296875,620.5399780273438,619.4600830078125,620.239990234375,1706381
2026-01-05T16:30:00.000Z,620.22998046875,620.8099975585938,619.6099853515625,619.6500244140625,1695352
2026-01-05T17:00:00.000Z,619.6599731445312,619.989990234375,618.6190185546875,618.9199829101562,1525362
2026-01-05T17:30:00.000Z,618.9500122070312,619.0999755859375,618.4299926757812,618.9000244140625,1266825
2026-01-05T18:00:00.000Z,618.8800048828125,619.030029296875,617.25,618.385009765625,1578466
2026-01-05T18:30:00.000Z,618.3900146484375,618.8599853515625,618,618.5650024414062,1125503
2026-01-05T19:00:00.000Z,618.5700073242188,618.6900024414062,617.8599853515625,617.9000244140625,1212264
2026-01-05T19:30:00.000Z,617.9000244140625,618.0399780273438,617.0399780273438,617.7000732421875,1128165
2026-01-05T20:00:00.000Z,617.7000122070312,618.3800048828125,617.4500122070312,618.25,1474922
2026-01-05T20:30:00.000Z,618.25,618.5800170898438,617.4500122070312,617.9500122070312,2377188
2026-01-05T21:00:00.000Z,617.95,618.05,617.6301,617.9,0
2026-01-05T21:30:00.000Z,617.9599,618.01,617.74,617.7767,0
2026-01-05T22:00:00.000Z,617.95,618.6,617.67,617.78,0
2026-01-05T22:30:00.000Z,617.8,617.99,617.6474,617.805,0
2026-01-05T23:00:00.000Z,617.9,618.15,617.785,617.96,0
2026-01-05T23:30:00.000Z,617.9386,617.9386,617.35,617.45,0
2026-01-06T09:00:00.000Z,618.02,618.03,617.4,617.66,0
2026-01-06T09:30:00.000Z,617.62,618.54,617.57,618.06,0
2026-01-06T10:00:00.000Z,618.08,618.15,617.72,617.9,0
2026-01-06T10:30:00.000Z,617.87,618.3,617.86,618.2,0
2026-01-06T11:00:00.000Z,618.22,618.48,618.15,618.19,0
2026-01-06T11:30:00.000Z,618.23,618.62,618.17,618.3,0
2026-01-06T12:00:00.000Z,618.3,618.76,618.19,618.74,0
2026-01-06T12:30:00.000Z,618.76,619.531,618.69,619.39,0
2026-01-06T13:00:00.000Z,617.6888,620.1,616.8,618.96,0
2026-01-06T13:30:00.000Z,618.98,619.27,618.1797,618.82,0
2026-01-06T14:00:00.000Z,618.79,619.23,618.21,619.22,0
2026-01-06T14:30:00.000Z,619.219970703125,622.1900024414062,618.5700073242188,621.984375,4372384
2026-01-06T15:00:00.000Z,621.9600219726562,622.5900268554688,621.3499755859375,622.4299926757812,2359538
2026-01-06T15:30:00.000Z,622.4199829101562,622.4500122070312,620.0999755859375,620.4299926757812,2811243
2026-01-06T16:00:00.000Z,620.4199829101562,620.9199829101562,619.405029296875,620.2000122070312,2135981
2026-01-06T16:30:00.000Z,620.2100219726562,620.7044067382812,620.0427856445312,620.3499145507812,1451131
2026-01-06T17:00:00.000Z,620.4000244140625,621.7899780273438,620.14990234375,621.58251953125,1435666
2026-01-06T17:30:00.000Z,621.5900268554688,622.780029296875,621.5700073242188,622.1599731445312,1397913
2026-01-06T18:00:00.000Z,622.1799926757812,622.6599731445312,621.8699951171875,622.1400146484375,883236
2026-01-06T18:30:00.000Z,622.2509765625,623.22998046875,621.9199829101562,623.219970703125,1430757
2026-01-06T19:00:00.000Z,623.219970703125,623.4053955078125,622.969970703125,623.340087890625,818361
2026-01-06T19:30:00.000Z,623.4066772460938,623.6099853515625,623.2650146484375,623.2899780273438,1040754
2026-01-06T20:00:00.000Z,623.2999877929688,623.6400146484375,623.155029296875,623.3599853515625,847823
2026-01-06T20:30:00.000Z,623.3499755859375,623.989990234375,623.2999877929688,623.7999877929688,1976703
2026-01-06T21:00:00.000Z,623.66,623.79,623.42,623.71,0
2026-01-06T21:30:00.000Z,623.71,623.94,623.42,623.9,0
2026-01-06T22:00:00.000Z,623.95,624.0512,619.29,623.8,0
2026-01-06T22:30:00.000Z,623.8,623.94,623.7,623.835,0
2026-01-06T23:00:00.000Z,623.85,624.21,623.645,623.76,0
2026-01-06T23:30:00.000Z,623.739,623.899,623.565,623.73,0
2026-01-07T09:00:00.000Z,622.12,622.23,621.47,621.91,0
2026-01-07T09:30:00.000Z,621.9,622.2,621.8,622.11,0
2026-01-07T10:00:00.000Z,622.08,622.3,621.66,621.68,0
2026-01-07T10:30:00.000Z,621.65,621.81,621.5,621.73,0
2026-01-07T11:00:00.000Z,621.75,622.02,621.59,621.79,0
2026-01-07T11:30:00.000Z,621.82,622.47,621.81,622.47,0
2026-01-07T12:00:00.000Z,622.48,622.83,622.34,622.69,0
2026-01-07T12:30:00.000Z,622.63,622.7,622.16,622.47,0
2026-01-07T13:00:00.000Z,622.1688,623.42,621.48,622.66,0
2026-01-07T13:30:00.000Z,622.69,623.42,619.53,622.9905,0
2026-01-07T14:00:00.000Z,623.01,623.04,622.37,623.04,0
2026-01-07T14:30:00.000Z,623.0399780273438,625.1500244140625,622.5599975585938,624.5999755859375,4334741
2026-01-07T15:00:00.000Z,624.6300048828125,625.0609741210938,623.530029296875,624.8300170898438,4869667
2026-01-07T15:30:00.000Z,624.8300170898438,625.9099731445312,623.52001953125,625.780029296875,2445961
2026-01-07T16:00:00.000Z,625.7899780273438,626.3099975585938,625.1441040039062,625.5399780273438,1497739
2026-01-07T16:30:00.000Z,625.5399169921875,627.3400268554688,625.4099731445312,627.3099975585938,10075527
2026-01-07T17:00:00.000Z,627.3099975585938,627.7999877929688,627.1849975585938,627.655029296875,919395
2026-01-07T17:30:00.000Z,627.6599731445312,627.9400024414062,627.1099853515625,627.3499755859375,1197316
2026-01-07T18:00:00.000Z,627.3200073242188,627.3699951171875,626.280029296875,626.3699951171875,1070992
2026-01-07T18:30:00.000Z,626.3800048828125,627.5399780273438,626.3699951171875,626.989990234375,1200030
2026-01-07T19:00:00.000Z,626.989990234375,627.0050048828125,625.4400024414062,625.64501953125,1496234
2026-01-07T19:30:00.000Z,625.669921875,626.169921875,625.47998046875,625.7150268554688,1072314
2026-01-07T20:00:00.000Z,625.7150268554688,625.989990234375,624.510009765625,624.7000122070312,15241049
2026-01-07T20:30:00.000Z,624.7000122070312,624.75,623.6199951171875,624.030029296875,3653613
2026-01-07T21:00:00.000Z,624.06,624.21,623.71,623.9792,0
2026-01-07T21:30:00.000Z,623.95,624.17,623.91,624.085,0
2026-01-07T22:00:00.000Z,624.095,624.13,624,624.02,0
2026-01-07T22:30:00.000Z,624.095,624.19,624,624.03,0
2026-01-07T23:00:00.000Z,624.1,624.38,623.81,623.93,0
2026-01-07T23:30:00.000Z,623.97,624.0715,623.6801,623.78,0
2026-01-08T09:00:00.000Z,622.9,623.2,622.44,622.6,0
2026-01-08T09:30:00.000Z,622.5,622.66,622.18,622.51,0
2026-01-08T10:00:00.000Z,622.57,622.57,621.99,622.05,0
2026-01-08T10:30:00.000Z,622.14,622.7,622.14,622.63,0
2026-01-08T11:00:00.000Z,622.7,622.97,622.45,622.81,0
2026-01-08T11:30:00.000Z,622.8,622.99,621.9,622.6,0
2026-01-08T12:00:00.000Z,622.65,622.8,622.1,622.75,0
2026-01-08T12:30:00.000Z,622.64,622.79,622.271,622.56,0
2026-01-08T13:00:00.000Z,622.9488,624.02,620.26,623.45,0
2026-01-08T13:30:00.000Z,623.49,623.78,623,623.34,0
2026-01-08T14:00:00.000Z,623.33,623.63,592.61,623.02,0
2026-01-08T14:30:00.000Z,622.25,622.4949951171875,618.468017578125,618.6199951171875,5563183
2026-01-08T15:00:00.000Z,618.5800170898438,621.25,617.7999877929688,620.8699951171875,3125679
2026-01-08T15:30:00.000Z,620.8499755859375,621.0599975585938,618.7979736328125,620.5300903320312,3030009
2026-01-08T16:00:00.000Z,620.5499877929688,620.5900268554688,618.8599853515625,619.1199951171875,1885733
2026-01-08T16:30:00.000Z,619.0700073242188,620.385009765625,618.1199951171875,620.1968994140625,12002285
2026-01-08T17:00:00.000Z,620.1900024414062,620.4199829101562,619.1300048828125,619.3630981445312,1222103
2026-01-08T17:30:00.000Z,619.3599853515625,620.989990234375,619.3298950195312,620.4210815429688,1366642
2026-01-08T18:00:00.000Z,620.4199829101562,620.5150146484375,618.9600219726562,619.9000244140625,1551439
2026-01-08T18:30:00.000Z,619.9000244140625,620.3101196289062,619.0800170898438,619.2344970703125,1257792
2026-01-08T19:00:00.000Z,619.22998046875,619.8599853515625,618.4099731445312,619.1400146484375,16704934
2026-01-08T19:30:00.000Z,619.1300048828125,619.5700073242188,618.7899780273438,619.2899780273438,1271392
2026-01-08T20:00:00.000Z,619.27001953125,620.4600219726562,619.0850219726562,620.27001953125,1110991
2026-01-08T20:30:00.000Z,620.2899780273438,620.8499755859375,620.0599975585938,620.4099731445312,2370867
2026-01-08T21:00:00.000Z,620.45,620.87,620.42,620.76,0
2026-01-08T21:30:00.000Z,620.75,621.835,620.75,621.09,0
2026-01-08T22:00:00.000Z,621.115,621.35,620.47,621.35,0
2026-01-08T22:30:00.000Z,621.225,621.67,621.11,621.355,0
2026-01-08T23:00:00.000Z,621.33,621.5,620.7444,620.75,0
2026-01-08T23:30:00.000Z,620.76,620.809,620.21,620.31,0
2026-01-09T09:00:00.000Z,620.5,621.02,620.22,621.02,0
2026-01-09T09:30:00.000Z,621.05,621.67,621.05,621.62,0
2026-01-09T10:00:00.000Z,621.7,622,621.56,621.85,0
2026-01-09T10:30:00.000Z,621.84,621.99,621.66,621.8,0
2026-01-09T11:00:00.000Z,621.8,622.29,621.64,622.24,0
2026-01-09T11:30:00.000Z,622.3,622.7,622.02,622.1,0
2026-01-09T12:00:00.000Z,622.06,622.37,621.62,621.74,0
2026-01-09T12:30:00.000Z,621.77,622.26,621.45,622.26,0
2026-01-09T13:00:00.000Z,620.5288,622.691,620,622.2,0
2026-01-09T13:30:00.000Z,622,623.6102,620.47,623.55,0
2026-01-09T14:00:00.000Z,623.57,624.085,621.08,621.38,0
2026-01-09T14:30:00.000Z,621.3900146484375,623.260009765625,619.8400268554688,621.9215087890625,5147133
2026-01-09T15:00:00.000Z,621.9500122070312,624.89501953125,619.0599975585938,624.739990234375,3871162
2026-01-09T15:30:00.000Z,624.75,625.3400268554688,622.530029296875,623.77001953125,2792177
2026-01-09T16:00:00.000Z,623.7999877929688,625.8800048828125,623.77001953125,624.970703125,1952851
2026-01-09T16:30:00.000Z,624.969970703125,626.3300170898438,624.530029296875,626.0900268554688,1560520
2026-01-09T17:00:00.000Z,626.0700073242188,626.4600219726562,625.5050048828125,626.1599731445312,1342680
2026-01-09T17:30:00.000Z,626.1599731445312,626.6900024414062,625.9400024414062,626.4000244140625,1177154
2026-01-09T18:00:00.000Z,626.4000244140625,626.4000244140625,625.4400024414062,626.0700073242188,1369898
2026-01-09T18:30:00.000Z,626.0499877929688,627.4600219726562,626.0399780273438,627.3099975585938,1367386
2026-01-09T19:00:00.000Z,627.3099975585938,627.4349975585938,627.0050048828125,627.260009765625,13617900
2026-01-09T19:30:00.000Z,627.260009765625,627.5800170898438,627.0999755859375,627.1400146484375,968253
2026-01-09T20:00:00.000Z,627.1300048828125,627.8900146484375,627.030029296875,627.4500122070312,1193867
2026-01-09T20:30:00.000Z,627.4600219726562,627.5900268554688,626.635009765625,626.6599731445312,3207172
2026-01-09T21:00:00.000Z,626.67,626.9,626.52,626.69,0
2026-01-09T21:30:00.000Z,626.685,626.695,626.45,626.64,0
2026-01-09T22:00:00.000Z,626.6834,626.84,626.58,626.7,0
2026-01-09T22:30:00.000Z,626.695,626.78,626.65,626.6988,0
2026-01-09T23:00:00.000Z,626.69,627.0009,626.65,626.9,0
2026-01-09T23:30:00.000Z,627,627,626.8,626.85,0
2026-01-12T09:00:00.000Z,620.63,621.15,620.25,620.65,0
2026-01-12T09:30:00.000Z,620.6,621.29,620.32,621.11,0
2026-01-12T10:00:00.000Z,621.17,621.3,620.86,621.3,0
2026-01-12T10:30:00.000Z,621.33,621.7,621.2,621.36,0
2026-01-12T11:00:00.000Z,621.37,621.96,621.33,621.61,0
2026-01-12T11:30:00.000Z,621.61,621.71,621.39,621.61,0
2026-01-12T12:00:00.000Z,621.58,622.16,621.5,621.88,0
2026-01-12T12:30:00.000Z,621.94,622.66,621.94,622.47,0
2026-01-12T13:00:00.000Z,621.62,626.65,619.62,622.4613,0
2026-01-12T13:30:00.000Z,622.48,626.65,622.0997,622.24,0
2026-01-12T14:00:00.000Z,622.25,622.5,621.67,622.31,0
2026-01-12T14:30:00.000Z,622.3099975585938,626.5399780273438,622.260009765625,625.969970703125,5089829
2026-01-12T15:00:00.000Z,625.989990234375,626.760009765625,625.1799926757812,626.47998046875,2639335
2026-01-12T15:30:00.000Z,626.469970703125,626.510009765625,625.0900268554688,626.3250122070312,1965029
2026-01-12T16:00:00.000Z,626.3200073242188,627.3900146484375,625.989990234375,626.9299926757812,1549659
2026-01-12T16:30:00.000Z,626.9349975585938,627.6099853515625,626.47998046875,627.4000244140625,1010117
2026-01-12T17:00:00.000Z,627.4000244140625,627.7100219726562,627.1300048828125,627.4495849609375,853097
2026-01-12T17:30:00.000Z,627.4400024414062,627.6799926757812,626.8699951171875,627.5850219726562,735186
2026-01-12T18:00:00.000Z,627.5900268554688,628.27001953125,627.510009765625,628.1199951171875,795530
2026-01-12T18:30:00.000Z,628.1300048828125,628.1799926757812,627.719970703125,627.8250122070312,614216
2026-01-12T19:00:00.000Z,627.8200073242188,628.4199829101562,627.4400024414062,628.260009765625,747636
2026-01-12T19:30:00.000Z,628.27001953125,628.739990234375,628.25,628.7000122070312,947558
2026-01-12T20:00:00.000Z,628.7050170898438,628.844970703125,628.02001953125,628.1400146484375,1019674
2026-01-12T20:30:00.000Z,628.1400146484375,628.260009765625,627.1799926757812,627.1799926757812,15070496
2026-01-12T21:00:00.000Z,627.17,627.71,627.17,627.61,0
2026-01-12T21:30:00.000Z,627.64,627.6421,626.75,626.94,0
2026-01-12T22:00:00.000Z,626.965,627.17,626.92,627.035,0
2026-01-12T22:30:00.000Z,627.02,627.21,627.02,627.208,0
2026-01-12T23:00:00.000Z,627.0882,627.0882,626.33,626.615,0
2026-01-12T23:30:00.000Z,626.61,626.7,625.8295,625.86,0
2026-01-13T09:00:00.000Z,626.65,626.74,626.64,626.66,0
2026-01-13T09:30:00.000Z,626.62,626.71,625.97,626.39,0
2026-01-13T10:00:00.000Z,626.3,626.44,625.44,625.66,0
2026-01-13T10:30:00.000Z,625.66,625.98,625.54,625.55,0
2026-01-13T11:00:00.000Z,625.62,625.98,625.52,625.82,0
2026-01-13T11:30:00.000Z,625.81,625.81,625.41,625.66,0
2026-01-13T14:30:00.000Z,627.239990234375,629.469970703125,626.9000244140625,627.2000122070312,4369963
2026-01-13T15:00:00.000Z,627.1799926757812,627.7000122070312,623.9400024414062,624.6691284179688,2445249
2026-01-13T15:30:00.000Z,624.6339721679688,626.1500244140625,623.8800048828125,625.9500122070312,1826673
2026-01-13T16:00:00.000Z,625.9299926757812,626.6500244140625,624.7999877929688,626.1881713867188,1267715
2026-01-13T16:30:00.000Z,626.1300048828125,629.0399780273438,625.9099731445312,628.6199951171875,2119288
2026-01-13T17:00:00.000Z,628.6199951171875,628.8400268554688,627.0900268554688,627.6298828125,1304447
2026-01-13T17:30:00.000Z,627.6300048828125,627.9099731445312,625.010009765625,625.4600219726562,1475850
2026-01-13T18:00:00.000Z,625.4400024414062,626.2899780273438,624.8599853515625,625.4199829101562,1173609
2026-01-13T18:30:00.000Z,625.4099731445312,626.1199951171875,624.4299926757812,624.5980834960938,1115532
2026-01-13T19:00:00.000Z,624.6099853515625,625.3200073242188,624.1500244140625,625.219970703125,1147449
2026-01-13T19:30:00.000Z,625.1901245117188,625.6900024414062,624.7000122070312,625.239990234375,994897
2026-01-13T20:00:00.000Z,625.22998046875,625.25,624.22998046875,624.2849731445312,1044268
2026-01-13T20:30:00.000Z,624.280029296875,626.2899780273438,623.6950073242188,626.1300048828125,2470204
2026-01-13T21:00:00.000Z,626.11,626.64,626.11,626.34,0
2026-01-13T21:30:00.000Z,626.32,626.3354,625.9,626,0
2026-01-13T22:00:00.000Z,626.02,626.24,625.9,625.92,0
2026-01-13T22:30:00.000Z,625.965,626.08,625.6,625.9142,0
2026-01-13T23:00:00.000Z,625.95,626.32,625.7,625.79,0
2026-01-13T23:30:00.000Z,625.775,626.045,625.76,625.785,0
2026-01-14T09:00:00.000Z,625.11,625.59,625.04,625.27,0
2026-01-14T09:30:00.000Z,625.3,625.36,624.6,624.9,0
2026-01-14T10:00:00.000Z,624.96,624.96,622.68,623.01,0
2026-01-14T10:30:00.000Z,623.01,623.08,621.6,622.15,0
2026-01-14T11:00:00.000Z,622.18,622.86,621.67,622.73,0
2026-01-14T11:30:00.000Z,622.78,622.94,622.23,622.35,0
2026-01-14T12:00:00.000Z,622.34,623.25,621.36,623.07,0
2026-01-14T12:30:00.000Z,623.04,623.33,622.98,623.2,0
2026-01-14T13:00:00.000Z,623.19,626.24,621.3595,623.58,0
2026-01-14T13:30:00.000Z,623.64,626.24,622.1,622.57,0
2026-01-14T14:00:00.000Z,622.63,623.02,596.31,622.23,0
2026-01-14T14:30:00.000Z,622.219970703125,623.4500122070312,618.4400024414062,618.5399780273438,6860349
2026-01-14T15:00:00.000Z,618.52001953125,621.0700073242188,617.25,619.1699829101562,4851522
2026-01-14T15:30:00.000Z,619.1199951171875,619.6599731445312,615.75,616.260009765625,4228238
2026-01-14T16:00:00.000Z,616.260009765625,618.5750122070312,616.1500244140625,618.3099975585938,2982125
2026-01-14T16:30:00.000Z,618.3099975585938,618.6300048828125,615.030029296875,615.5,3622963
2026-01-14T17:00:00.000Z,615.489990234375,616.5900268554688,614.9299926757812,616.2899780273438,1943969
2026-01-14T17:30:00.000Z,616.27001953125,616.659912109375,614.8599853515625,615.25,1965110
2026-01-14T18:00:00.000Z,615.239990234375,616.4299926757812,615.1300048828125,616.375,1468924
2026-01-14T18:30:00.000Z,616.3599853515625,617.0499877929688,614.5599975585938,616.7999877929688,2480494
2026-01-14T19:00:00.000Z,616.7999877929688,617.02001953125,616.1099853515625,616.75,1864043
2026-01-14T19:30:00.000Z,616.760009765625,617.2349853515625,616.25,616.4500122070312,1328996
2026-01-14T20:00:00.000Z,616.4299926757812,618.6799926757812,615.530029296875,617.9299926757812,2894948
2026-01-14T20:30:00.000Z,617.9400024414062,619.7999877929688,617.9199829101562,619.5999755859375,4974668
2026-01-14T21:00:00.000Z,619.61,620.15,619.1799,619.3037,0
2026-01-14T21:30:00.000Z,619.27,619.55,617.6672,619.01,0
2026-01-14T22:00:00.000Z,618.99,619.55,618.4,618.66,0
2026-01-14T22:30:00.000Z,618.66,618.8047,618.225,618.44,0
2026-01-14T23:00:00.000Z,618.54,619.08,617.91,618.6493,0
2026-01-14T23:30:00.000Z,618.685,618.9884,618.45,618.865,0
2026-01-15T09:00:00.000Z,622.14,623.88,622.09,623.76,0
2026-01-15T09:30:00.000Z,623.77,624.47,623.77,623.95,0
2026-01-15T10:00:00.000Z,623.95,624.37,623.67,624,0
2026-01-15T10:30:00.000Z,624,624.31,623.9,624.09,0
2026-01-15T11:00:00.000Z,624.15,624.86,624.14,624.51,0
2026-01-15T11:30:00.000Z,624.55,625.07,624.41,624.72,0
2026-01-15T12:00:00.000Z,624.66,624.73,624.08,624.41,0
2026-01-15T12:30:00.000Z,624.4,624.9,623.91,624.88,0
2026-01-15T13:00:00.000Z,623.1,625.36,618.35,625.29,0
2026-01-15T13:30:00.000Z,625.32,626.4202,619.55,625.87,0
2026-01-15T14:00:00.000Z,625.91,627.25,625.82,626.6195,0
2026-01-15T14:30:00.000Z,626.6300048828125,627.260009765625,624.6599731445312,625.1599731445312,6621868
2026-01-15T15:00:00.000Z,625.155029296875,626.4000244140625,624.6099853515625,625.1400146484375,2504883
2026-01-15T15:30:00.000Z,625.1500244140625,630,623.760009765625,625.7000122070312,3559390
2026-01-15T16:00:00.000Z,625.6900024414062,626.77001953125,625.5499877929688,626.1900024414062,1809675
2026-01-15T16:30:00.000Z,626.1400146484375,626.9398803710938,625.6099853515625,626.6400146484375,1318291
2026-01-15T17:00:00.000Z,626.6099853515625,626.9600219726562,625.510009765625,625.590087890625,1132227
2026-01-15T17:30:00.000Z,625.603271484375,625.9400024414062,624.8699951171875,624.969970703125,1627811
2026-01-15T18:00:00.000Z,624.9199829101562,626.030029296875,624.8499755859375,626.0001220703125,996025
2026-01-15T18:30:00.000Z,625.97998046875,626.3200073242188,625.5700073242188,625.7371215820312,953883
2026-01-15T19:00:00.000Z,625.7100219726562,625.7100219726562,623.47998046875,623.6799926757812,1567043
2026-01-15T19:30:00.000Z,623.6500244140625,623.780029296875,622.3599853515625,622.6199951171875,2758172
2026-01-15T20:00:00.000Z,622.6199951171875,622.9500122070312,621.030029296875,621.7100219726562,2465391
2026-01-15T20:30:00.000Z,621.6799926757812,621.8900146484375,620.7899780273438,621.6599731445312,3185174
2026-01-15T21:00:00.000Z,621.68,621.88,621.09,621.22,0
2026-01-15T21:30:00.000Z,621.22,621.78,621.12,621.435,0
2026-01-15T22:00:00.000Z,621.37,621.84,621.33,621.76,0
2026-01-15T22:30:00.000Z,621.76,622.2,621.6987,621.85,0
2026-01-15T23:00:00.000Z,621.8,622.05,621.36,622.04,0
2026-01-15T23:30:00.000Z,622.03,622.4797,621.84,622.22,0
2026-01-16T09:00:00.000Z,624.48,624.9,624.22,624.9,0
2026-01-16T09:30:00.000Z,624.94,624.95,624.34,624.35,0
2026-01-16T10:00:00.000Z,624.39,624.93,624.3,624.92,0
2026-01-16T10:30:00.000Z,624.91,625.48,624.91,625.33,0
2026-01-16T11:00:00.000Z,625.29,625.7,625.1,625.55,0
2026-01-16T11:30:00.000Z,625.57,625.6,624.6,624.73,0
2026-01-16T12:00:00.000Z,624.67,624.97,624.43,624.76,0
2026-01-16T12:30:00.000Z,624.73,625.14,624.1,624.631,0
2026-01-16T13:00:00.000Z,624.77,625.6792,621.314,624.4896,0
2026-01-16T13:30:00.000Z,624.47,624.81,618.265,624.52,0
2026-01-16T14:00:00.000Z,624.58,625.76,624.49,625.55,0
2026-01-16T14:30:00.000Z,625.530029296875,626.0800170898438,622.1400146484375,622.1900024414062,5324499
2026-01-16T15:00:00.000Z,622.1900024414062,623.0599975585938,620.6599731445312,620.75,3995368
2026-01-16T15:30:00.000Z,620.739990234375,621.0599975585938,618.8900146484375,621.02880859375,22129709
2026-01-16T16:00:00.000Z,621.02001953125,621.9149780273438,620.5399780273438,621.8499145507812,2480909
2026-01-16T16:30:00.000Z,621.8599853515625,622.7000122070312,621.125,621.8200073242188,15569375
2026-01-16T17:00:00.000Z,621.8300170898438,621.9349975585938,621.3298950195312,621.4400024414062,1031778
2026-01-16T17:30:00.000Z,621.4400024414062,621.75,620.4099731445312,620.4550170898438,1440906
2026-01-16T18:00:00.000Z,620.4600219726562,622.1300048828125,620.3200073242188,621.8800048828125,17282191
2026-01-16T18:30:00.000Z,621.8800048828125,622.1801147460938,621.6599731445312,621.7999877929688,1382391
2026-01-16T19:00:00.000Z,621.7949829101562,622.5599975585938,620.760009765625,620.97998046875,1644595
2026-01-16T19:30:00.000Z,620.97998046875,622.094970703125,620.9199829101562,621.7963256835938,21799501
2026-01-16T20:00:00.000Z,621.7999877929688,622.1199951171875,621.510009765625,621.6900024414062,1144970
2026-01-16T20:30:00.000Z,621.6799926757812,621.9598999023438,620.969970703125,621.0499877929688,25770156
2026-01-16T21:00:00.000Z,621.045,625.3,620.7297,621.1,0
2026-01-16T21:30:00.000Z,621.07,621.26,620.9305,621.0256,0
2026-01-16T22:00:00.000Z,620.995,621.28,620.94,621.26,0
2026-01-16T22:30:00.000Z,621.095,653.111,620.675,621,0
2026-01-16T23:00:00.000Z,620.985,621.2986,620.68,621.275,0
2026-01-16T23:30:00.000Z,621.275,621.4,621.26,621.39,0
2026-01-20T09:00:00.000Z,609.81,611.6,607.85,608.1,0
2026-01-20T09:30:00.000Z,608,608.16,607.05,607.95,0
2026-01-20T10:00:00.000Z,607.93,609.69,607.4,609.36,0
2026-01-20T10:30:00.000Z,609.48,609.53,608.75,608.96,0
2026-01-20T11:00:00.000Z,608.92,610.18,608.9,609.45,0
2026-01-20T11:30:00.000Z,609.63,610.03,609,609.65,0
2026-01-20T12:00:00.000Z,609.7,610.89,609.38,610.41,0
2026-01-20T12:30:00.000Z,610.38,611.57,610.25,610.83,0
2026-01-20T13:00:00.000Z,609.8188,621.725,607.05,610.6476,0
2026-01-20T13:30:00.000Z,610.6738,621.26,609.075,609.78,0
2026-01-20T14:00:00.000Z,609.78,610.74,609.51,610.63,0
2026-01-20T14:30:00.000Z,610.530029296875,613.594970703125,610.3300170898438,612.5175170898438,9434855
2026-01-20T15:00:00.000Z,612.47998046875,613.47998046875,610.8900146484375,613.4359741210938,5775035
2026-01-20T15:30:00.000Z,613.4299926757812,614.780029296875,612.3099975585938,613.47998046875,4662155
2026-01-20T16:00:00.000Z,613.489990234375,615.0399780273438,612.77001953125,614.4500122070312,3559441
2026-01-20T16:30:00.000Z,614.4500122070312,615.0499877929688,612.8400268554688,614.2999877929688,16688847
2026-01-20T17:00:00.000Z,614.2899780273438,614.5,612.5900268554688,612.8806762695312,2298849
2026-01-20T17:30:00.000Z,612.8800048828125,612.8800048828125,610.9000244140625,611.7559814453125,3243002
2026-01-20T18:00:00.000Z,611.77001953125,612.2100219726562,610.6099853515625,610.6900024414062,17220620
2026-01-20T18:30:00.000Z,610.6599731445312,610.8699951171875,608.8204956054688,609.5255126953125,3141208
2026-01-20T19:00:00.000Z,609.52001953125,610.1300048828125,608.2999877929688,608.5900268554688,2476640
2026-01-20T19:30:00.000Z,608.5599975585938,609.0280151367188,607.780029296875,608.77001953125,2723396
2026-01-20T20:00:00.000Z,608.7899780273438,608.7899780273438,607.469970703125,607.77001953125,23960190
2026-01-20T20:30:00.000Z,607.7999877929688,608.1300048828125,607.0599975585938,608.0399780273438,5959035
2026-01-20T21:00:00.000Z,608.08,611.551,607.72,608.15,0
2026-01-20T21:30:00.000Z,608.11,608.2,607.6436,608.12,0
2026-01-20T22:00:00.000Z,608.08,608.2,607.9,608.04,0
2026-01-20T22:30:00.000Z,608.04,608.16,607.9,608.135,0
2026-01-20T23:00:00.000Z,608.16,608.9,608.05,608.34,0
2026-01-20T23:30:00.000Z,608.37,608.6,607.18,607.4204,0
2026-01-21T09:00:00.000Z,609.68,610.16,609.18,609.55,0
2026-01-21T09:30:00.000Z,609.46,609.5,607.9,607.9,0
2026-01-21T10:00:00.000Z,608.01,609.15,607.77,609.02,0
2026-01-21T10:30:00.000Z,609.12,609.28,608.45,608.56,0
2026-01-21T11:00:00.000Z,608.4,608.62,608.05,608.2,0
2026-01-21T11:30:00.000Z,608.3,608.57,605.76,605.88,0
2026-01-21T12:00:00.000Z,605.9,606.9,605.46,606.53,0
2026-01-21T12:30:00.000Z,606.55,606.95,605.6,606.91,0
2026-01-21T13:00:00.000Z,609.7888,610.658,605.45,606.61,0
2026-01-21T13:30:00.000Z,606.58,608.06,605.7697,606.825,0
2026-01-21T14:00:00.000Z,606.79,610.95,606.51,609.43,0
2026-01-21T14:30:00.000Z,609.469970703125,612.9299926757812,607.863525390625,612.5999755859375,7074504
2026-01-21T15:00:00.000Z,612.5999755859375,614.0800170898438,611.8900146484375,613.9044799804688,3397299
2026-01-21T15:30:00.000Z,614.1300048828125,616.489990234375,613.8699951171875,616.0549926757812,3137661
2026-01-21T16:00:00.000Z,616.0499877929688,616.619873046875,615.3900146484375,615.75,2178510
2026-01-21T16:30:00.000Z,615.75,615.7899780273438,610.0999755859375,610.3200073242188,4880717
2026-01-21T17:00:00.000Z,610.3099975585938,611.0863037109375,608.219970703125,609.75,3526159
2026-01-21T17:30:00.000Z,609.75,611.0501098632812,608.8499755859375,610.6799926757812,2230631
2026-01-21T18:00:00.000Z,610.6900024414062,610.8402709960938,608.4168701171875,610.4500122070312,18422941
2026-01-21T18:30:00.000Z,610.4600219726562,611.8599853515625,609.7000122070312,611.5700073242188,1645131
2026-01-21T19:00:00.000Z,611.5499877929688,615.1099853515625,610.3599853515625,615.0800170898438,2862812
2026-01-21T19:30:00.000Z,616.219970703125,620.280029296875,615.1599731445312,620.0900268554688,7069674
2026-01-21T20:00:00.000Z,620.0900268554688,620.4199829101562,616.4400024414062,616.4600830078125,3728043
2026-01-21T20:30:00.000Z,616.4600219726562,617.1900024414062,615.510009765625,616.1099853515625,57365944
2026-01-21T21:00:00.000Z,616.09,617.54,616.09,617.1,0
2026-01-21T21:30:00.000Z,617.1,617.15,616.28,616.98,0
2026-01-21T22:00:00.000Z,617.02,617.2,616.28,617.1,0
2026-01-21T22:30:00.000Z,617.11,617.38,616.28,617.36,0
2026-01-21T23:00:00.000Z,617.4,618.4802,616.28,618.2,0
2026-01-21T23:30:00.000Z,618.059,618.21,617.3799,618.05,0
2026-01-22T09:00:00.000Z,621.28,622.02,621,621.54,0
2026-01-22T09:30:00.000Z,621.54,621.96,621.46,621.66,0
2026-01-22T10:00:00.000Z,621.7,621.75,621,621.37,0
2026-01-22T10:30:00.000Z,621.45,621.6,621.3,621.4,0
2026-01-22T11:00:00.000Z,621.44,622.03,620.9,621.25,0
2026-01-22T11:30:00.000Z,621.2,621.72,620.99,621.05,0
2026-01-22T12:00:00.000Z,621.07,621.42,620.75,621.3,0
2026-01-22T12:30:00.000Z,621.3,621.54,620.98,621.44,0
2026-01-22T13:00:00.000Z,621.03,622.03,615.818,621.73,0
2026-01-22T13:30:00.000Z,621.64,622.62,616.28,622.54,0
2026-01-22T14:00:00.000Z,622.5329,622.6,607.825,622.35,0
2026-01-22T14:30:00.000Z,622.3900146484375,622.3900146484375,618.1500244140625,618.8099975585938,8811836
2026-01-22T15:00:00.000Z,618.8200073242188,619.530029296875,617.780029296875,619.0999755859375,2779489
2026-01-22T15:30:00.000Z,619.1300048828125,620.7100219726562,618.6300048828125,619.4400024414062,2207390
2026-01-22T16:00:00.000Z,619.4299926757812,621.3298950195312,619.3900146484375,621.0499877929688,1596458
2026-01-22T16:30:00.000Z,621.010009765625,621.6699829101562,620.72998046875,620.9201049804688,1061014
2026-01-22T17:00:00.000Z,620.9199829101562,621.5399780273438,620.5499877929688,621.1799926757812,981751
2026-01-22T17:30:00.000Z,621.219970703125,622.1900024414062,621.2000122070312,621.969970703125,906690
2026-01-22T18:00:00.000Z,621.9600219726562,622.239990234375,621.280029296875,621.6544799804688,945553
2026-01-22T18:30:00.000Z,621.6500244140625,621.9199829101562,620.9000244140625,621.0499877929688,791071
2026-01-22T19:00:00.000Z,621.030029296875,622.030029296875,621,621.9099731445312,733750
2026-01-22T19:30:00.000Z,621.9099731445312,622,620.1099853515625,620.239990234375,1136373
2026-01-22T20:00:00.000Z,620.219970703125,620.8250122070312,619.469970703125,619.5,1571791
2026-01-22T20:30:00.000Z,619.47998046875,620.8200073242188,618.9099731445312,620.7899780273438,19414602
2026-01-22T21:00:00.000Z,620.75,621.1,619.97,620.73,0
2026-01-22T21:30:00.000Z,620.76,620.765,619.52,620.01,0
2026-01-22T22:00:00.000Z,620,620.76,619.72,619.9301,0
2026-01-22T22:30:00.000Z,619.95,619.965,619.69,619.8,0
2026-01-22T23:00:00.000Z,619.74,620.76,618.82,619.6323,0
2026-01-22T23:30:00.000Z,619.63,619.9592,619.2815,619.6718,0
2026-01-23T09:00:00.000Z,619.54,620.21,619.37,619.6,0
2026-01-23T09:30:00.000Z,619.6,619.6,618.1,618.55,0
2026-01-23T10:00:00.000Z,618.56,618.85,618.39,618.6,0
2026-01-23T10:30:00.000Z,618.56,618.85,618.36,618.85,0
2026-01-23T11:00:00.000Z,618.9,620.62,618.78,620.62,0
2026-01-23T11:30:00.000Z,620.6,620.89,619.5,619.7,0
2026-01-23T12:00:00.000Z,619.69,620.15,619.5,619.97,0
2026-01-23T12:30:00.000Z,619.91,620.28,619.169,620.16,0
2026-01-23T13:00:00.000Z,619.65,622.67,618.1134,618.9,0
2026-01-23T13:30:00.000Z,618.86,620.76,618.58,618.84,0
2026-01-23T14:00:00.000Z,618.88,619.8,618.495,619.69,0
2026-01-23T14:30:00.000Z,619.6900024414062,621.1300048828125,618.6500244140625,621.1300048828125,4151833
2026-01-23T15:00:00.000Z,621.0800170898438,623.4600219726562,621.0800170898438,623.0499877929688,3373739
2026-01-23T15:30:00.000Z,623.0700073242188,624.969970703125,623.0299072265625,624.9450073242188,2088334
2026-01-23T16:00:00.000Z,624.9500122070312,625.39990234375,623.8170776367188,624.090087890625,2061368
2026-01-23T16:30:00.000Z,624.0900268554688,624.9600219726562,623.3800048828125,624.0399780273438,1903394
2026-01-23T17:00:00.000Z,624.0499877929688,624.489990234375,623.510009765625,624.260009765625,1018698
2026-01-23T17:30:00.000Z,624.280029296875,624.3099975585938,621.5349731445312,621.760009765625,1946270
2026-01-23T18:00:00.000Z,621.780029296875,623.4879760742188,621.6699829101562,623.2050170898438,1516305
2026-01-23T18:30:00.000Z,623.219970703125,623.4400024414062,622.280029296875,622.5599975585938,1212516
2026-01-23T19:00:00.000Z,622.5700073242188,623.739990234375,622.52001953125,623.0349731445312,1107072
2026-01-23T19:30:00.000Z,623.030029296875,623.3400268554688,622.4099731445312,623.1099853515625,1037707
2026-01-23T20:00:00.000Z,623.0900268554688,623.1799926757812,621.7399291992188,622.2000122070312,27046261
2026-01-23T20:30:00.000Z,622.1950073242188,623.260009765625,621.8599853515625,622.780029296875,3179553
2026-01-23T21:00:00.000Z,622.79,622.85,621.3,621.66,0
2026-01-23T21:30:00.000Z,621.66,621.8696,621.41,621.56,0
2026-01-23T22:00:00.000Z,621.57,622.72,621.23,621.5,0
2026-01-23T22:30:00.000Z,621.51,621.6099,621.26,621.39,0
2026-01-23T23:00:00.000Z,621.4,621.74,621.36,621.6872,0
2026-01-23T23:30:00.000Z,621.6,621.75,621.5,621.56,0
2026-01-26T09:00:00.000Z,622.68,622.85,621.73,621.81,0
2026-01-26T09:30:00.000Z,621.72,621.74,619.25,620.1,0
2026-01-26T10:00:00.000Z,620.01,620.93,620,620.88,0
2026-01-26T10:30:00.000Z,620.89,621.4,620.8,620.85,0
2026-01-26T11:00:00.000Z,620.88,621.04,620.63,620.82,0
2026-01-26T11:30:00.000Z,620.9,621.35,620.8,621.3,0
2026-01-26T12:00:00.000Z,621.26,622.34,621.25,621.81,0
2026-01-26T12:30:00.000Z,621.9,621.96,621.47,621.78,0
2026-01-26T13:00:00.000Z,622.58,622.9775,619.2292,621.7892,0
2026-01-26T13:30:00.000Z,621.8,622.72,621.0297,622.46,0
2026-01-26T14:00:00.000Z,622.45,623.2,622.38,623.2,0
2026-01-26T14:30:00.000Z,623.1900024414062,625.6900024414062,622.1199951171875,625.294921875,4082095
2026-01-26T15:00:00.000Z,625.280029296875,626.4500122070312,624.4550170898438,625.489990234375,5841325
2026-01-26T15:30:00.000Z,625.47998046875,626.75,625.2000122070312,626.3350219726562,1280546
2026-01-26T16:00:00.000Z,626.3300170898438,627,625.6199951171875,626.9000244140625,1594387
2026-01-26T16:30:00.000Z,626.9299926757812,627.4400024414062,626.489990234375,626.9349975585938,1312980
2026-01-26T17:00:00.000Z,626.9400024414062,627.6099853515625,626.8599853515625,627.0900268554688,1017256
2026-01-26T17:30:00.000Z,627.0800170898438,627.1599731445312,626.3599853515625,626.5698852539062,805001
2026-01-26T18:00:00.000Z,626.5750122070312,627.1400146484375,626.1701049804688,626.97998046875,1000239
2026-01-26T18:30:00.000Z,626.97998046875,627.5499877929688,626.4600219726562,626.7999877929688,897069
2026-01-26T19:00:00.000Z,626.7899780273438,627.1300048828125,626.4600219726562,626.8200073242188,674124
2026-01-26T19:30:00.000Z,626.7999877929688,627.1099853515625,626.3099975585938,626.3200073242188,778816
2026-01-26T20:00:00.000Z,626.3400268554688,626.5880126953125,626.0499877929688,626.3699951171875,812396
2026-01-26T20:30:00.000Z,626.3800048828125,626.719970703125,625.4000854492188,625.47998046875,17562761
2026-01-26T21:00:00.000Z,625.48,626.1217,625.25,626.105,0
2026-01-26T21:30:00.000Z,626.06,626.08,616.0579,625.865,0
2026-01-26T22:00:00.000Z,625.89,626.03,625.46,625.59,0
2026-01-26T22:30:00.000Z,625.6,625.62,625.5,625.61,0
2026-01-26T23:00:00.000Z,625.68,626.71,625.4136,626.26,0
2026-01-26T23:30:00.000Z,626.289,626.57,626.12,626.5401,0
2026-01-27T09:00:00.000Z,628.89,629.18,628.62,628.94,0
2026-01-27T09:30:00.000Z,628.96,629,628.62,628.71,0
2026-01-27T10:00:00.000Z,628.76,629.31,628.72,629.29,0
2026-01-27T10:30:00.000Z,629.25,629.5,629.12,629.43,0
2026-01-27T11:00:00.000Z,629.48,629.54,629.15,629.44,0
2026-01-27T11:30:00.000Z,629.45,630.35,629.42,630.1,0
2026-01-27T12:00:00.000Z,630.07,630.1,629.22,629.26,0
2026-01-27T12:30:00.000Z,629.21,629.73,629.14,629.4,0
2026-01-27T13:00:00.000Z,630.02,630.3311,624.991,629.38,0
2026-01-27T13:30:00.000Z,629.3729,629.5,625.46,629.09,0
2026-01-27T14:00:00.000Z,629.09,629.53,628.88,628.8993,0
2026-01-27T14:30:00.000Z,628.9000244140625,630.6900024414062,627.3400268554688,630.5599975585938,4412192
2026-01-27T15:00:00.000Z,630.6199951171875,631.0700073242188,629.8499755859375,630.3200073242188,2254141
2026-01-27T15:30:00.000Z,630.3300170898438,631.6400146484375,630.239990234375,631.1702880859375,1725870
2026-01-27T16:00:00.000Z,631.1799926757812,631.8300170898438,631.0399780273438,631.4349975585938,1107387
2026-01-27T16:30:00.000Z,631.469970703125,631.6599731445312,631.1300048828125,631.1900024414062,1053203
2026-01-27T17:00:00.000Z,631.1900024414062,631.405029296875,630.5150146484375,631.2999877929688,1368213
2026-01-27T17:30:00.000Z,631.2899780273438,631.489990234375,630.6900024414062,630.7750244140625,1038262
2026-01-27T18:00:00.000Z,630.780029296875,631.3599853515625,630.219970703125,631.1500244140625,923447
2026-01-27T18:30:00.000Z,631.1500244140625,631.6199951171875,631.1500244140625,631.4699096679688,726129
2026-01-27T19:00:00.000Z,631.4600219726562,631.5700073242188,631.0700073242188,631.5208129882812,1009682
2026-01-27T19:30:00.000Z,631.530029296875,631.6900024414062,631.1799926757812,631.52001953125,832140
2026-01-27T20:00:00.000Z,631.510009765625,632.042724609375,631.3099975585938,631.61767578125,1386531
2026-01-27T20:30:00.000Z,631.5999755859375,631.719970703125,630.9199829101562,631.0800170898438,3045456
2026-01-27T21:00:00.000Z,631.1,631.834,630.76,631.59,0
2026-01-27T21:30:00.000Z,631.61,632.11,631.55,631.94,0
2026-01-27T22:00:00.000Z,631.98,632.064,511.0193,632.04,0
2026-01-27T22:30:00.000Z,632.04,632.22,632,632.16,0
2026-01-27T23:00:00.000Z,632.13,632.82,632.05,632.55,0
2026-01-27T23:30:00.000Z,632.55,632.705,632.47,632.625,0
2026-01-28T09:00:00.000Z,636.13,636.23,635.57,635.77,0
2026-01-28T09:30:00.000Z,635.78,636.38,635.5,636.25,0
2026-01-28T10:00:00.000Z,636.27,636.54,636.03,636.48,0
2026-01-28T10:30:00.000Z,636.51,637.13,636.5,637.06,0
2026-01-28T11:00:00.000Z,637.08,637.08,636.36,636.87,0
2026-01-28T11:30:00.000Z,636.9,637.3,636.8,637.08,0
2026-01-28T12:00:00.000Z,637.1,637.1,635.82,636.12,0
2026-01-28T12:30:00.000Z,636.2,636.62,635.94,636.18,0
2026-01-28T13:00:00.000Z,636.99,637.7,630.657,636.09,0
2026-01-28T13:30:00.000Z,636.0734,636.26,631.13,635.99,0
2026-01-28T14:00:00.000Z,635.98,636.09,635.03,635.57,0
2026-01-28T14:30:00.000Z,635.4600219726562,636.5900268554688,634.52001953125,635.4600219726562,5102242
2026-01-28T15:00:00.000Z,635.4400024414062,635.75,634.3699951171875,634.6900024414062,6870065
2026-01-28T15:30:00.000Z,634.6799926757812,635.0599975585938,633.22998046875,633.2999877929688,2270099
2026-01-28T16:00:00.000Z,633.2899780273438,634.1749877929688,632.9849853515625,633.7899780273438,1932909
2026-01-28T16:30:00.000Z,633.7868041992188,633.7868041992188,631.8099975585938,632.2000122070312,9345870
2026-01-28T17:00:00.000Z,632.2000122070312,633.3300170898438,632.1300048828125,632.4199829101562,1414750
2026-01-28T17:30:00.000Z,632.4400024414062,633.3499755859375,632.0399780273438,632.780029296875,1055805
2026-01-28T18:00:00.000Z,632.780029296875,633.5150146484375,632.3300170898438,633.25,859476
2026-01-28T18:30:00.000Z,633.27001953125,633.72998046875,632.9099731445312,633.510009765625,1021781
2026-01-28T19:00:00.000Z,633.4600219726562,634.0900268554688,632.1799926757812,632.3499755859375,1725826
2026-01-28T19:30:00.000Z,632.3499755859375,634.4400024414062,632.0999755859375,633.2520141601562,3210553
2026-01-28T20:00:00.000Z,633.27001953125,634.489990234375,633.0900268554688,633.5899047851562,16496719
2026-01-28T20:30:00.000Z,633.5900268554688,633.9199829101562,632.5900268554688,633.010009765625,2989546
2026-01-28T21:00:00.000Z,632.96,635.75,629.05,635.7,0
2026-01-28T21:30:00.000Z,635.72,636.3,635.25,635.704,0
2026-01-28T22:00:00.000Z,635.86,636.6315,633.22,636.6315,0
2026-01-28T22:30:00.000Z,636.5713,636.73,607.4732,636.26,0
2026-01-28T23:00:00.000Z,636.26,636.42,633.2212,634.3729,0
2026-01-28T23:30:00.000Z,634.36,634.525,633.22,633.47,0
2026-01-29T09:00:00.000Z,635.42,636,635.4,635.52,0
2026-01-29T09:30:00.000Z,635.6,635.81,634.5,634.55,0
2026-01-29T10:00:00.000Z,634.5,635.14,634.21,634.95,0
2026-01-29T10:30:00.000Z,634.95,634.97,634,634,0
2026-01-29T11:00:00.000Z,634.1,634.4,633.71,634.1,0
2026-01-29T11:30:00.000Z,634,634.47,633.77,634.23,0
2026-01-29T12:00:00.000Z,634.32,634.77,634.05,634.284,0
2026-01-29T12:30:00.000Z,634.22,634.32,633.28,633.76,0
2026-01-29T13:00:00.000Z,634.48,636.15,632.746,633.7,0
2026-01-29T13:30:00.000Z,633.69,634.38,633.22,634.17,0
2026-01-29T14:00:00.000Z,634.185,634.2,631.34,632.6795,0
2026-01-29T14:30:00.000Z,632.5800170898438,633.6699829101562,626.0599975585938,626.1799926757812,6601803
2026-01-29T15:00:00.000Z,626.2100219726562,626.27001953125,622.7000122070312,623.1099853515625,5366183
2026-01-29T15:30:00.000Z,623.1199951171875,623.52001953125,618.27001953125,619.260009765625,5161582
2026-01-29T16:00:00.000Z,619.280029296875,622.5900268554688,618.3400268554688,621.8900146484375,5148797
2026-01-29T16:30:00.000Z,621.8800048828125,623.219970703125,621.469970703125,622.52001953125,4114330
2026-01-29T17:00:00.000Z,622.5,625.9299926757812,622.469970703125,625.6199951171875,18404760
2026-01-29T17:30:00.000Z,625.5900268554688,626.5700073242188,623.4600219726562,623.719970703125,39025276
2026-01-29T18:00:00.000Z,623.719970703125,626.1400146484375,623.6799926757812,625.7999877929688,20836806
2026-01-29T18:30:00.000Z,625.7999877929688,626.8499755859375,625.1699829101562,625.5700073242188,2422488
2026-01-29T19:00:00.000Z,625.5700073242188,627.0700073242188,625.1799926757812,626.5800170898438,1310394
2026-01-29T19:30:00.000Z,626.5700073242188,626.77001953125,625.489990234375,625.8400268554688,1956912
2026-01-29T20:00:00.000Z,625.8599853515625,626.6199951171875,625.6699829101562,625.9550170898438,1357841
2026-01-29T20:30:00.000Z,625.9500122070312,629.97998046875,625.789306640625,629.3599853515625,4690053
2026-01-29T21:00:00.000Z,629.32,630,628.5,628.9473,0
2026-01-29T21:30:00.000Z,629.81,630.56,628.72,629.14,0
2026-01-29T22:00:00.000Z,629.3,630,628.92,629.57,0
2026-01-29T22:30:00.000Z,629.684,629.75,629.11,629.6595,0
2026-01-29T23:00:00.000Z,629.48,629.68,626.75,628.0135,0
2026-01-29T23:30:00.000Z,628.15,629.905,628.0437,628.8005,0
2026-01-30T09:00:00.000Z,624.4,624.49,622.16,622.56,0
2026-01-30T09:30:00.000Z,622.75,623.18,621.24,622.35,0
2026-01-30T10:00:00.000Z,622.51,623.6,622.39,623.09,0
2026-01-30T10:30:00.000Z,623.5,624.58,623.35,623.98,0
2026-01-30T11:00:00.000Z,624.01,625.3,624.01,625.27,0
2026-01-30T11:30:00.000Z,625.24,626.85,624.64,626.57,0
2026-01-30T12:00:00.000Z,626.66,627.39,626.18,626.52,0
2026-01-30T12:30:00.000Z,626.52,627.15,625.39,625.95,0
2026-01-30T13:00:00.000Z,624.4088,629.43,621.23,626.01,0
2026-01-30T13:30:00.000Z,626.02,629.43,624.46,625.49,0
2026-01-30T14:00:00.000Z,625.45,626,625.04,625.74,0
2026-01-30T14:30:00.000Z,625.719970703125,628.2559814453125,625.030029296875,625.5499877929688,5392432
2026-01-30T15:00:00.000Z,625.530029296875,627.8900146484375,624.6500244140625,624.7598876953125,3457839
2026-01-30T15:30:00.000Z,624.72998046875,628.1099853515625,624.1900024414062,625.875,3837758
2026-01-30T16:00:00.000Z,625.8800048828125,626.530029296875,623.75,624.8400268554688,2595843
2026-01-30T16:30:00.000Z,624.8499755859375,626.280029296875,623.52001953125,623.8300170898438,2060067
2026-01-30T17:00:00.000Z,623.8499755859375,624.6099853515625,622.1300048828125,624.4400024414062,2543215
2026-01-30T17:30:00.000Z,624.4400024414062,624.760009765625,621.9500122070312,622,12987521
2026-01-30T18:00:00.000Z,621.9600219726562,622.7899780273438,619.2974853515625,621.760009765625,2960592
2026-01-30T18:30:00.000Z,621.75,624.1699829101562,620.0598754882812,623.4500122070312,2501692
2026-01-30T19:00:00.000Z,623.4500122070312,624.39990234375,622.7999877929688,622.8200073242188,1714887
2026-01-30T19:30:00.000Z,622.7899780273438,623.3699951171875,621.281005859375,621.4299926757812,1625141
2026-01-30T20:00:00.000Z,621.4199829101562,622.02001953125,619.3203125,619.9199829101562,2553662
2026-01-30T20:30:00.000Z,619.9099731445312,623.1400146484375,619.7899780273438,621.8099975585938,5790006
2026-01-30T21:00:00.000Z,621.85,622.52,620.61,621.26,0
2026-01-30T21:30:00.000Z,621.28,621.38,620.72,620.93,0
2026-01-30T22:00:00.000Z,621.02,621.87,620.88,620.98,0
2026-01-30T22:30:00.000Z,620.99,653.111,620.5,620.61,0
2026-01-30T23:00:00.000Z,620.61,620.74,620.52,620.67,0
2026-01-30T23:30:00.000Z,620.67,620.97,619.98,619.9984,0
2026-02-02T09:00:00.000Z,615.26,616.6,614.18,616.15,0
2026-02-02T09:30:00.000Z,616.12,616.7,616,616.56,0
2026-02-02T10:00:00.000Z,616.54,617,616.15,616.44,0
2026-02-02T10:30:00.000Z,616.36,616.51,615.05,615.45,0
2026-02-02T11:00:00.000Z,615.45,616.61,615.28,616.6,0
2026-02-02T11:30:00.000Z,616.63,617.44,616.36,616.55,0
2026-02-02T12:00:00.000Z,616.54,618.05,616.54,618,0
2026-02-02T12:30:00.000Z,617.95,618.37,617.2,617.46,0
2026-02-02T13:00:00.000Z,616.49,621.87,610.053,617.12,0
2026-02-02T13:30:00.000Z,617.1315,618.615,616.65,618.375,0
2026-02-02T14:00:00.000Z,618.43,632.175,618.1707,618.77,0
2026-02-02T14:30:00.000Z,618.7000122070312,624.9099731445312,618.7000122070312,623.75,5151847
2026-02-02T15:00:00.000Z,623.7000122070312,627.5999755859375,623.35009765625,626.47998046875,3116647
2026-02-02T15:30:00.000Z,626.510009765625,627.4697265625,625.2999877929688,625.8699951171875,2238390
2026-02-02T16:00:00.000Z,625.8599853515625,627.27001953125,624.989990234375,627.1500244140625,2120455
2026-02-02T16:30:00.000Z,627.1400146484375,627.4000244140625,625.780029296875,627.1799926757812,1587506
2026-02-02T17:00:00.000Z,627.1699829101562,627.89501953125,627.0399780273438,627.6950073242188,1452661
2026-02-02T17:30:00.000Z,627.7100219726562,628.3099975585938,627.3599853515625,627.8900146484375,1110010
2026-02-02T18:00:00.000Z,627.9000244140625,628.2100219726562,627.27001953125,627.6099853515625,911070
2026-02-02T18:30:00.000Z,627.6099853515625,628.489990234375,627.5,628.3200073242188,903169
2026-02-02T19:00:00.000Z,628.3200073242188,628.4000244140625,627.780517578125,627.8499755859375,806525
2026-02-02T19:30:00.000Z,627.8350219726562,627.85498046875,625.9199829101562,626.0399780273438,15944737
2026-02-02T20:00:00.000Z,626.030029296875,627.3300170898438,625.4224853515625,626.4749755859375,1341237
2026-02-02T20:30:00.000Z,626.4500122070312,626.5599975585938,625.6602783203125,626.25,3980840
2026-02-02T21:00:00.000Z,626.25,627.25,625.75,626.935,0
2026-02-02T21:30:00.000Z,626.9192,627.09,626.48,626.59,0
2026-02-02T22:00:00.000Z,626.67,626.9,626.14,626.8795,0
2026-02-02T22:30:00.000Z,626.88,627.38,626.8208,627.32,0
2026-02-02T23:00:00.000Z,627.27,628.26,626.61,628.23,0
2026-02-02T23:30:00.000Z,628.12,629.12,628.105,628.525,0
2026-02-03T00:00:00.000Z,628.455,629.37,627.72,629.14,0
2026-02-03T00:30:00.000Z,629.14,629.18,628.4377,628.6,0
2026-02-03T09:00:00.000Z,629.28,630.1,628.93,629.02,0
2026-02-03T09:30:00.000Z,629.11,629.37,628.94,629.14,0
2026-02-03T10:00:00.000Z,629.25,629.67,629.12,629.19,0
2026-02-03T10:30:00.000Z,629.14,629.14,628.6,628.95,0
2026-02-03T11:00:00.000Z,628.87,629.02,628.46,628.64,0
2026-02-03T11:30:00.000Z,628.64,629.04,628.34,628.68,0
2026-02-03T12:00:00.000Z,628.62,629.58,628.1,629.54,0
2026-02-03T12:30:00.000Z,629.53,629.75,629.37,629.37,0
2026-02-03T13:00:00.000Z,629.3988,630.51,626.14,629.6369,0
2026-02-03T13:30:00.000Z,629.66,629.79,621.35,629.18,0
2026-02-03T13:54:36.000Z,629.15,629.15,629.15,629.15,0