Date,Open,High,Low,Close,Volume
2016-05-09T04:00:00.000Z,57.119998931884766,58.16999816894531,56.58000183105469,57.119998931884766,18285800
2016-05-16T04:00:00.000Z,57.459999084472656,58.83000183105469,56.790000915527344,58.529998779296875,24319600
2016-05-23T04:00:00.000Z,58.810001373291016,61.08000183105469,58.599998474121094,61.02000045776367,21194800
2016-05-30T04:00:00.000Z,61.02000045776367,61.2400016784668,60.150001525878906,60.529998779296875,16540300
2016-06-06T04:00:00.000Z,60.68000030517578,62.290000915527344,60.54999923706055,61.90999984741211,30800400
2016-06-13T04:00:00.000Z,61.79999923706055,62.310001373291016,60.900001525878906,61.619998931884766,26545100
2016-06-20T04:00:00.000Z,62.43000030517578,63.310001373291016,60.36000061035156,60.540000915527344,23742300
2016-06-27T04:00:00.000Z,59.869998931884766,62.650001525878906,58.61000061035156,62.11000061035156,30880100
2016-07-04T04:00:00.000Z,61.59000015258789,63.279998779296875,60.459999084472656,63.27000045776367,23824900
2016-07-11T04:00:00.000Z,63.5,65.26000213623047,63.2599983215332,64.8499984741211,23959700
2016-07-18T04:00:00.000Z,64.8499984741211,65.68000030517578,64.73999786376953,65.48999786376953,22210100
2016-07-25T04:00:00.000Z,65.5,72.58000183105469,65.31999969482422,69.75,63058700
2016-08-01T04:00:00.000Z,69.83000183105469,70.26000213623047,68.44000244140625,70.1500015258789,25535600
2016-08-08T04:00:00.000Z,70.02999877929688,70.8499984741211,69.7699966430664,69.83999633789062,19760600
2016-08-15T04:00:00.000Z,70.19000244140625,70.69999694824219,69.54000091552734,70.2699966430664,21044800
2016-08-22T04:00:00.000Z,70.3499984741211,70.61000061035156,69.4000015258789,69.75,20095700
2016-08-29T04:00:00.000Z,69.9000015258789,70.37000274658203,68.30000305175781,69.68000030517578,21042300
2016-09-05T04:00:00.000Z,69.93000030517578,70.02999877929688,66.66999816894531,66.66999816894531,19231600
2016-09-12T04:00:00.000Z,66.30999755859375,69.97000122070312,66.30000305175781,69.36000061035156,28298100
2016-09-19T04:00:00.000Z,69.83000183105469,70.29000091552734,68.83000183105469,68.9800033569336,17983800
2016-09-26T04:00:00.000Z,68.55000305175781,70.58000183105469,68.08000183105469,70.18000030517578,20686000
2016-10-03T04:00:00.000Z,70.08000183105469,71.05999755859375,69.01000213623047,70.87000274658203,20242000
2016-10-10T04:00:00.000Z,71.08000183105469,71.33000183105469,67.05999755859375,68.48999786376953,21888500
2016-10-17T04:00:00.000Z,68.5,70.05000305175781,68.37000274658203,69.97000122070312,22620300
2016-10-24T04:00:00.000Z,70.26000213623047,72.18000030517578,70.2300033569336,70.80000305175781,34640300
2016-10-31T04:00:00.000Z,71.30999755859375,71.44000244140625,66.80000305175781,67.5999984741211,32083400
2016-11-07T05:00:00.000Z,68.83000183105469,70.72000122070312,67.5999984741211,69.8499984741211,29024000
2016-11-14T05:00:00.000Z,70.13999938964844,73.1500015258789,69.63999938964844,72.5999984741211,25367900
2016-11-21T05:00:00.000Z,72.75,74.63999938964844,72.69999694824219,74.43000030517578,18245400
2016-11-28T05:00:00.000Z,74.29000091552734,75.25,69.91999816894531,70.72000122070312,33204700
2016-12-05T05:00:00.000Z,71.33999633789062,72.6500015258789,70.37999725341797,71.98999786376953,31065600
2016-12-12T05:00:00.000Z,71.88999938964844,73.75,71.19000244140625,72.88999938964844,28323800
2016-12-19T05:00:00.000Z,73.11000061035156,74.72000122070312,72.95999908447266,74.37999725341797,16433700
2016-12-26T05:00:00.000Z,74.41999816894531,75.1500015258789,72.7699966430664,72.97000122070312,12325000
2017-01-02T05:00:00.000Z,73.52999877929688,74.30999755859375,72.47000122070312,74.1500015258789,18900700
2017-01-09T05:00:00.000Z,74.51000213623047,75.30000305175781,74.05999755859375,75,20637500
2017-01-16T05:00:00.000Z,74.66999816894531,74.94999694824219,73.87000274658203,74.75,21074400
2017-01-23T05:00:00.000Z,74.80000305175781,79.47000122070312,74.63999938964844,78.02999877929688,42298300
2017-01-30T05:00:00.000Z,77.5199966430664,78.08000183105469,75.25,76.5,36281900
2017-02-06T05:00:00.000Z,76.37999725341797,76.75,74.5199966430664,75.16000366210938,28238500
2017-02-13T05:00:00.000Z,75.52999877929688,76.44000244140625,74.93000030517578,76.44000244140625,24034800
2017-02-20T05:00:00.000Z,76.79000091552734,77.37999725341797,76.4000015258789,77.23999786376953,17599600
2017-02-27T05:00:00.000Z,77.30999755859375,78.76000213623047,76.45999908447266,77.86000061035156,24758700
2017-03-06T05:00:00.000Z,77.69000244140625,80.62999725341797,77.4000015258789,80.33000183105469,29383300
2017-03-13T04:00:00.000Z,80.31999969482422,82.44000244140625,80.18000030517578,82.19999694824219,27450100
2017-03-20T04:00:00.000Z,81.98999786376953,82.2699966430664,79.58000183105469,80.58999633789062,22346800
2017-03-27T04:00:00.000Z,79.94999694824219,81.1500015258789,79.70999908447266,80.55999755859375,16784000
2017-04-03T04:00:00.000Z,80.87000274658203,81.5,79.4000015258789,80.52999877929688,17737800
2017-04-10T04:00:00.000Z,80.41999816894531,80.76000213623047,77.83000183105469,77.83999633789062,19629300
2017-04-17T04:00:00.000Z,78.30000305175781,80.88999938964844,78.12000274658203,79.80999755859375,23565700
2017-04-24T04:00:00.000Z,81.0199966430664,82.91999816894531,78.6500015258789,79.18000030517578,35781500
2017-05-01T04:00:00.000Z,79.25,80.02999877929688,78.4000015258789,79.62999725341797,22860200
2017-05-08T04:00:00.000Z,79.69999694824219,80.7699966430664,79.2699966430664,80.69000244140625,18208200
2017-05-15T04:00:00.000Z,80.6500015258789,82.31999969482422,78.41999816894531,80.30000305175781,26353900
2017-05-22T04:00:00.000Z,80.4800033569336,81.18000030517578,79.44999694824219,81.12000274658203,17065600
2017-05-29T04:00:00.000Z,81,83.23999786376953,80.86000061035156,81.62999725341797,18808000
2017-06-05T04:00:00.000Z,81.66000366210938,84.6500015258789,79.94000244140625,80.9000015258789,20858100
2017-06-12T04:00:00.000Z,79.81999969482422,81.80000305175781,79.0199966430664,79.69999694824219,24323900
2017-06-19T04:00:00.000Z,80.37000274658203,81.44999694824219,78.63999938964844,79.58000183105469,19099000
2017-06-26T04:00:00.000Z,80.04000091552734,80.08999633789062,75.91999816894531,76.93000030517578,28412900
2017-07-03T04:00:00.000Z,77.44999694824219,78.66000366210938,76.19000244140625,78.4800033569336,20564900
2017-07-10T04:00:00.000Z,78.43000030517578,82.11000061035156,77.93000030517578,82,17259900
2017-07-17T04:00:00.000Z,81.81999969482422,82.80999755859375,81,81.69999694824219,17244000
2017-07-24T04:00:00.000Z,81.86000061035156,84.23999786376953,80.05000305175781,80.70999908447266,30153800
2017-07-31T04:00:00.000Z,80.83000183105469,82.01000213623047,80.63999938964844,81.43000030517578,17574200
2017-08-07T04:00:00.000Z,81.44000244140625,83.69000244140625,80.27999877929688,80.88999938964844,22181600
2017-08-14T04:00:00.000Z,81.4800033569336,82.66000366210938,79.94000244140625,79.97000122070312,18608300
2017-08-21T04:00:00.000Z,80.13999938964844,81.9000015258789,79.5999984741211,80.9800033569336,17954600
2017-08-28T04:00:00.000Z,81.44000244140625,83.11000061035156,80.02999877929688,82.54000091552734,18416800
2017-09-04T04:00:00.000Z,82.31999969482422,83.98999786376953,81.25,81.37999725341797,13480100
2017-09-11T04:00:00.000Z,81.9000015258789,85.02999877929688,81.80999755859375,84.83999633789062,24976400
2017-09-18T04:00:00.000Z,85,88.44999694824219,84.4800033569336,88.2699966430664,25858000
2017-09-25T04:00:00.000Z,87.6500015258789,89.88999938964844,86.91999816894531,89.63999938964844,21169900
2017-10-02T04:00:00.000Z,89.87999725341797,91.54000091552734,89.30999755859375,91.3499984741211,15165500
2017-10-09T04:00:00.000Z,91.61000061035156,93.7300033569336,91.30999755859375,93.58999633789062,13934900
2017-10-16T04:00:00.000Z,94.20999908447266,95.4000015258789,92.56999969482422,95.18000030517578,19329800
2017-10-23T04:00:00.000Z,96,97.55999755859375,94.16000366210938,97.5,33602600
2017-10-30T04:00:00.000Z,96.68000030517578,98,95.5999984741211,97.9800033569336,19205700
2017-11-06T05:00:00.000Z,97.81999969482422,99.05000305175781,95.62999725341797,96.94000244140625,19628400
2017-11-13T05:00:00.000Z,96.4000015258789,98.62999725341797,96.27999877929688,97.73999786376953,16244800
2017-11-20T05:00:00.000Z,97.80999755859375,99.6500015258789,97.80000305175781,99.30000305175781,10382500
2017-11-27T05:00:00.000Z,98.94999694824219,99.79000091552734,94.72000122070312,97.18000030517578,24377600
2017-12-04T05:00:00.000Z,97.54000091552734,99.30999755859375,95.2699966430664,98.0199966430664,25197000
2017-12-11T05:00:00.000Z,98.06999969482422,101.5999984741211,97.7699966430664,101.22000122070312,33165900
2017-12-18T05:00:00.000Z,102.0999984741211,105.33000183105469,101.6500015258789,104.12999725341797,24443600
2017-12-25T05:00:00.000Z,103.58000183105469,105.08000183105469,103.05999755859375,104.44000244140625,7973400
2018-01-01T05:00:00.000Z,105.11000061035156,109.2300033569336,104.5,109.12000274658203,21870400
2018-01-08T05:00:00.000Z,108.55000305175781,113,108.20999908447266,112.72000122070312,23516100
2018-01-15T05:00:00.000Z,113.55000305175781,119.9800033569336,111.94000244140625,116.83000183105469,30505800
2018-01-22T05:00:00.000Z,117.91999816894531,120.75,108.68000030517578,113.69000244140625,50894800
2018-01-29T05:00:00.000Z,112.47000122070312,113.4000015258789,107.5199966430664,107.66000366210938,33547300
2018-02-05T05:00:00.000Z,107.0199966430664,109.12000274658203,96.98999786376953,100.48999786376953,50842300
2018-02-12T05:00:00.000Z,101.55000305175781,105.54000091552734,99.8499984741211,104.47000122070312,29323800
2018-02-19T05:00:00.000Z,103.98999786376953,107.05999755859375,103.41000366210938,107.04000091552734,20480400
2018-02-26T05:00:00.000Z,107.27999877929688,110.29000091552734,104.66000366210938,108.22000122070312,33243900
2018-03-05T05:00:00.000Z,107.4800033569336,111.61000061035156,106.5199966430664,111.52999877929688,22273800
2018-03-12T04:00:00.000Z,112.04000091552734,113,109.16999816894531,109.97000122070312,25389900
2018-03-19T04:00:00.000Z,109.37000274658203,110.29000091552734,101.33999633789062,101.36000061035156,28158200
2018-03-26T04:00:00.000Z,104.11000061035156,108.0999984741211,101.41000366210938,103.88999938964844,21732100
2018-04-02T04:00:00.000Z,102.86000061035156,104.56999969482422,99.0199966430664,99.45999908447266,27852200
2018-04-09T04:00:00.000Z,100.04000091552734,105,99.5999984741211,102.16000366210938,23779600
2018-04-16T04:00:00.000Z,103.06999969482422,105.9000015258789,98.87000274658203,99.95999908447266,26870200
2018-04-23T04:00:00.000Z,100.58999633789062,104.31999969482422,97.38999938964844,102.51000213623047,38838100
2018-04-30T04:00:00.000Z,102.93000030517578,104.75,100.3499984741211,104.69000244140625,26129300
2018-05-07T04:00:00.000Z,104.98999786376953,110.73999786376953,103.97000122070312,109.25,22701900
2018-05-14T04:00:00.000Z,109.7300033569336,111.66000366210938,108.3499984741211,110.54000091552734,20387700
2018-05-21T04:00:00.000Z,111.70999908447266,112.27999877929688,108.9000015258789,111.55999755859375,18278300
2018-05-28T04:00:00.000Z,110.63999938964844,114.80000305175781,110.01000213623047,114.80000305175781,18425100
2018-06-04T04:00:00.000Z,114.73999786376953,118.4800033569336,114.30999755859375,115.73999786376953,25221400
2018-06-11T04:00:00.000Z,115,116.0199966430664,113.79000091552734,115.88999938964844,21927800
2018-06-18T04:00:00.000Z,114.5999984741211,115.11000061035156,111.41000366210938,112.37999725341797,17414600
2018-06-25T04:00:00.000Z,110.95999908447266,112.5,107.44999694824219,110.25,23239800
2018-07-02T04:00:00.000Z,108.94000244140625,112.93000030517578,108.37999725341797,112.70999908447266,13111400
2018-07-09T04:00:00.000Z,113.4000015258789,116.69000244140625,110.83999633789062,115.13999938964844,21705500
2018-07-16T04:00:00.000Z,114.91000366210938,116.94999694824219,113.19999694824219,115,21792600
2018-07-23T04:00:00.000Z,114.3499984741211,116.45999908447266,110.02999877929688,112.5999984741211,25422200
2018-07-30T04:00:00.000Z,111.98999786376953,113,110,112.83999633789062,22786400
2018-08-06T04:00:00.000Z,112.27999877929688,116.61000061035156,109.3499984741211,110.08999633789062,22253900
2018-08-13T04:00:00.000Z,110.55999755859375,111.44000244140625,107.01000213623047,109.63999938964844,17293100
2018-08-20T04:00:00.000Z,109.75,113.79000091552734,108.54000091552734,113.63999938964844,18182300
2018-08-27T04:00:00.000Z,114.6500015258789,116.06999969482422,111.86000061035156,112.4000015258789,24253400
2018-09-03T04:00:00.000Z,111.0199966430664,112.94999694824219,108.25,108.45999908447266,21692000
2018-09-10T04:00:00.000Z,109.16999816894531,109.4800033569336,102.25,105.36000061035156,36282900
2018-09-17T04:00:00.000Z,105.29000091552734,110.9000015258789,103.3499984741211,110.05000305175781,34328500
2018-09-24T04:00:00.000Z,109.01000213623047,110.31999969482422,105.9800033569336,107.29000091552734,25794200
2018-10-01T04:00:00.000Z,107.66999816894531,109.8499984741211,101.76000213623047,103.27999877929688,28358900
2018-10-08T04:00:00.000Z,102.22000122070312,103.1500015258789,98.80999755859375,101.08999633789062,41733100
2018-10-15T04:00:00.000Z,99.69999694824219,103.16999816894531,97.30000305175781,98.26000213623047,37753700
2018-10-22T04:00:00.000Z,98.6500015258789,100.47000122070312,87.9000015258789,90.55999755859375,82823200
2018-10-29T04:00:00.000Z,93.08000183105469,97.98999786376953,88.5199966430664,95.05999755859375,49965300
2018-11-05T05:00:00.000Z,94.91000366210938,98.79000091552734,94.25,96.0999984741211,29332900
2018-11-12T05:00:00.000Z,95.04000091552734,98.43000030517578,93.06999969482422,97.8499984741211,34050700
2018-11-19T05:00:00.000Z,97.5,98.06999969482422,92.91000366210938,95.0999984741211,24999400
2018-11-26T05:00:00.000Z,96.41000366210938,99.88999938964844,95.18000030517578,99.8499984741211,30015300
2018-12-03T05:00:00.000Z,102.5,102.58000183105469,92.23999786376953,92.37999725341797,31482700
2018-12-10T05:00:00.000Z,92.44000244140625,97.37000274658203,91.97000122070312,94.26000213623047,32402800
2018-12-17T05:00:00.000Z,94.27999877929688,95.9800033569336,89.19999694824219,90.41000366210938,49374400
2018-12-24T05:00:00.000Z,90,95.75,87.69999694824219,93.80999755859375,24601300
2018-12-31T05:00:00.000Z,94.51000213623047,95.25,88.68000030517578,92.9000015258789,29967100
2019-01-07T05:00:00.000Z,92.80000305175781,99.06999969482422,92.36000061035156,98.58999633789062,29284100
2019-01-14T05:00:00.000Z,97.30999755859375,99.9800033569336,95.8499984741211,99.41999816894531,27860200
2019-01-21T05:00:00.000Z,98.43000030517578,104.87000274658203,94.80999755859375,104.41000366210938,46669300
2019-01-28T05:00:00.000Z,101.87999725341797,104.12999725341797,100.16999816894531,101.98999786376953,33763300
2019-02-04T05:00:00.000Z,101.9800033569336,106.88999938964844,100.9800033569336,104.55000305175781,34479300
2019-02-11T05:00:00.000Z,104.70999908447266,108.38999938964844,104.25,107.56999969482422,22878100
2019-02-18T05:00:00.000Z,107.11000061035156,108.45999908447266,106.19999694824219,107.30999755859375,15207200
2019-02-25T05:00:00.000Z,109,109.48999786376953,104.70999908447266,106.76000213623047,23516100
2019-03-04T05:00:00.000Z,107.45999908447266,108.12999725341797,103.3499984741211,104.86000061035156,21466900
2019-03-11T04:00:00.000Z,105.16000366210938,110.80000305175781,105,110.73999786376953,29604100
2019-03-18T04:00:00.000Z,110.05000305175781,112.9800033569336,108.91999816894531,109.68000030517578,21376600
2019-03-25T04:00:00.000Z,108.12999725341797,109.22000122070312,103.62999725341797,106.06999969482422,23075900
2019-04-01T04:00:00.000Z,107.98999786376953,114.2699966430664,106.93000030517578,113.62999725341797,27745900
2019-04-08T04:00:00.000Z,113.80000305175781,117.02999877929688,113.25,116.76000213623047,19922700
2019-04-15T04:00:00.000Z,116.61000061035156,117.8499984741211,114.0199966430664,115.51000213623047,18822100
2019-04-22T04:00:00.000Z,114.52999877929688,119.31999969482422,113.6500015258789,117.20999908447266,34620500
2019-04-29T04:00:00.000Z,116.7300033569336,118.91999816894531,116,117.47000122070312,19497800
2019-05-06T04:00:00.000Z,114.12000274658203,116,109.36000061035156,112.5999984741211,23729100
2019-05-13T04:00:00.000Z,109.16999816894531,110.87000274658203,106.11000061035156,106.79000091552734,28374000
2019-05-20T04:00:00.000Z,103.08999633789062,108,103.08999633789062,105.05999755859375,23408500
2019-05-27T04:00:00.000Z,105.88999938964844,106.12000274658203,101.56999969482422,104.30999755859375,18459300
2019-06-03T04:00:00.000Z,105.04000091552734,111.83000183105469,104.58999633789062,111.16999816894531,23549300
2019-06-10T04:00:00.000Z,111.76000213623047,114.33999633789062,106.80000305175781,107.30999755859375,24067700
2019-06-17T04:00:00.000Z,107.30000305175781,114.3499984741211,106.55000305175781,112.31999969482422,19523900
2019-06-24T04:00:00.000Z,112.16999816894531,116.83000183105469,111.33999633789062,114.76000213623047,22384200
2019-07-01T04:00:00.000Z,117.5999984741211,118.9800033569336,114.37000274658203,115.75,15179400
2019-07-08T04:00:00.000Z,115.19000244140625,118.44999694824219,114.38999938964844,118.31999969482422,14597500
2019-07-15T04:00:00.000Z,118.5,120,116.76000213623047,117.26000213623047,21146400
2019-07-22T04:00:00.000Z,117.9800033569336,129.8000030517578,117.56999969482422,128.16000366210938,41349700
2019-07-29T04:00:00.000Z,128.1999969482422,130.3699951171875,121.06999969482422,121.81999969482422,31506700
2019-08-05T04:00:00.000Z,119.22000122070312,124.58000183105469,116.22000122070312,120.61000061035156,33204200
2019-08-12T04:00:00.000Z,119.61000061035156,124.44999694824219,118.7300033569336,122.81999969482422,21573100
2019-08-19T04:00:00.000Z,125.55000305175781,126.5999984741211,119.83999633789062,120.29000091552734,19330700
2019-08-26T04:00:00.000Z,122.45999908447266,125.30999755859375,120.51000213623047,123.75,15646200
2019-09-02T04:00:00.000Z,123.05000305175781,129.00999450683594,120.66999816894531,127.08999633789062,15559300
2019-09-09T04:00:00.000Z,127.94000244140625,130.9199981689453,124.9000015258789,129.61000061035156,20409100
2019-09-16T04:00:00.000Z,128.75999450683594,130.25999450683594,126.22000122070312,126.66999816894531,18147000
2019-09-23T04:00:00.000Z,126.66999816894531,129.63999938964844,124.52999877929688,127.13999938964844,20495400
2019-09-30T04:00:00.000Z,127.69000244140625,131.8000030517578,125.86000061035156,130.13999938964844,23754600
2019-10-07T04:00:00.000Z,130.0399932861328,131.75999450683594,123.62999725341797,130.08999633789062,17476600
2019-10-14T04:00:00.000Z,129.5800018310547,132.1999969482422,128.5500030517578,129.4600067138672,16915400
2019-10-21T04:00:00.000Z,130.74000549316406,131.10000610351562,115.87000274658203,120.51000213623047,38317600
2019-10-28T04:00:00.000Z,121.05999755859375,122.0999984741211,116.48999786376953,118.04000091552734,25599800
2019-11-04T05:00:00.000Z,119.91999816894531,121.86000061035156,118.81999969482422,120.11000061035156,21150700
2019-11-11T05:00:00.000Z,119.06999969482422,119.91000366210938,116.77999877929688,118,23920500
2019-11-18T05:00:00.000Z,117.91999816894531,118.4800033569336,114.58999633789062,117.01000213623047,22023500
2019-11-25T05:00:00.000Z,117.79000091552734,121.80999755859375,117.70999908447266,120.20999908447266,19201200
2019-12-02T05:00:00.000Z,120.12000274658203,122.69999694824219,116.05999755859375,122.37000274658203,21654500
2019-12-09T05:00:00.000Z,122.26000213623047,127.47000122070312,121.16999816894531,126.63999938964844,18668700
2019-12-16T05:00:00.000Z,127.58000183105469,129.0399932861328,125,128.9499969482422,28386400
2019-12-23T05:00:00.000Z,129,129.1699981689453,127.88999938964844,128.57000732421875,8638900
2019-12-30T05:00:00.000Z,128.1999969482422,129.61000061035156,127.04000091552734,127.8499984741211,13768200
2020-01-06T05:00:00.000Z,127.05999755859375,131.80999755859375,125.9000015258789,130,21837000
2020-01-13T05:00:00.000Z,130.57000732421875,132.0399932861328,128.86000061035156,131.6999969482422,23294700
2020-01-20T05:00:00.000Z,131.08999633789062,135.6999969482422,129.64999389648438,130.52000427246094,31736700
2020-01-27T05:00:00.000Z,128.64999389648438,129.25,119.95999908447266,120.6500015258789,26127200
2020-02-03T05:00:00.000Z,121.05999755859375,133,121.05999755859375,128.6999969482422,25131200
2020-02-10T05:00:00.000Z,127.55000305175781,133.6199951171875,127.30000305175781,132.2100067138672,15582300
2020-02-17T05:00:00.000Z,131.10000610351562,134.3000030517578,127.95999908447266,128.52000427246094,13634800
2020-02-24T05:00:00.000Z,124.01000213623047,125.26000213623047,108.61000061035156,114.13999938964844,39727400
2020-03-02T05:00:00.000Z,115.16000366210938,120.12000274658203,110.13999938964844,113.16000366210938,34529800
2020-03-09T04:00:00.000Z,105.11000061035156,112.13999938964844,96.55000305175781,106.04000091552734,58495900
2020-03-16T04:00:00.000Z,95.87999725341797,107.63999938964844,93.08999633789062,97.5999984741211,64598300
2020-03-23T04:00:00.000Z,97.3499984741211,108.83999633789062,94.91999816894531,100.5,48949100
2020-03-30T04:00:00.000Z,100.4000015258789,103.63999938964844,96.06999969482422,99.9800033569336,39089200
2020-04-06T04:00:00.000Z,104.58000183105469,112.93000030517578,103.51000213623047,107.69000244140625,26280500
2020-04-13T04:00:00.000Z,105.5,114.05999755859375,105.30000305175781,113.55000305175781,30610800
2020-04-20T04:00:00.000Z,111.5199966430664,115.12000274658203,106.5,113.93000030517578,38662200
2020-04-27T04:00:00.000Z,114,119.80999755859375,109.44999694824219,109.70999908447266,27048000
2020-05-04T04:00:00.000Z,108.91999816894531,115.54000091552734,107.83999633789062,115,21863200
2020-05-11T04:00:00.000Z,113.41000366210938,115.87000274658203,105.44999694824219,108.23999786376953,22557500
2020-05-18T04:00:00.000Z,111.18000030517578,118.83000183105469,110.26000213623047,113.43000030517578,23526900
2020-05-25T04:00:00.000Z,115.80999755859375,119.26000213623047,115.51000213623047,118.73999786376953,18653200
2020-06-01T04:00:00.000Z,117.7699966430664,135.67999267578125,116.83000183105469,131.44000244140625,30611800
2020-06-08T04:00:00.000Z,130.66000366210938,133.2899932861328,122.4000015258789,123.97000122070312,26022700
2020-06-15T04:00:00.000Z,121.56999969482422,129.1300048828125,120.80000305175781,124.88999938964844,25055500
2020-06-22T04:00:00.000Z,124.7699966430664,128.10000610351562,122.3499984741211,123.37000274658203,25591600
2020-06-29T04:00:00.000Z,123.8499984741211,127.69999694824219,122.41999816894531,125.80999755859375,17933500
2020-07-06T04:00:00.000Z,127.51000213623047,131.99000549316406,126.19999694824219,130.52999877929688,19956000
2020-07-13T04:00:00.000Z,132,135,126.70999908447266,133.88999938964844,20737900
2020-07-20T04:00:00.000Z,134.1999969482422,137.64999389648438,128.11000061035156,129.6300048828125,36121400
2020-07-27T04:00:00.000Z,130.35000610351562,132.3300018310547,125.43000030517578,127.55000305175781,22429000
2020-08-03T04:00:00.000Z,128.14999389648438,134.11000061035156,127.68000030517578,133.55999755859375,19862000
2020-08-10T04:00:00.000Z,133.22000122070312,139.13999938964844,132.47000122070312,137.35000610351562,18991900
2020-08-17T04:00:00.000Z,137.86000061035156,140.8800048828125,136.6199951171875,140.3300018310547,16087700
2020-08-24T04:00:00.000Z,140.86000061035156,143.58999633789062,139.9199981689453,143.49000549316406,14341800
2020-08-31T04:00:00.000Z,142.64999389648438,148.3699951171875,137.7100067138672,140.47000122070312,23605200
2020-09-07T04:00:00.000Z,136.1999969482422,141.25,135.25,136.3699951171875,18822400
2020-09-14T04:00:00.000Z,138.32000732421875,142.1300048828125,135.9199981689453,138.66000366210938,22102800
2020-09-21T04:00:00.000Z,135.8699951171875,139.10000610351562,134.1199951171875,138.32000732421875,20962600
2020-09-28T04:00:00.000Z,140.22000122070312,147.22000122070312,139.72000122070312,141.08999633789062,20136400
2020-10-05T04:00:00.000Z,142.2899932861328,151.52000427246094,141.57000732421875,150.91000366210938,15850500
2020-10-12T04:00:00.000Z,152.5800018310547,155.8800048828125,150.86000061035156,153.1199951171875,19474900
2020-10-19T04:00:00.000Z,153.27999877929688,154.9199981689453,144.66000366210938,149.9600067138672,21518400
2020-10-26T04:00:00.000Z,148.1999969482422,148.5,141.3300018310547,144.58999633789062,26834100
2020-11-02T05:00:00.000Z,146.4600067138672,158.2100067138672,144.22000122070312,157.74000549316406,21216300
2020-11-09T05:00:00.000Z,162,164.6300048828125,151.02000427246094,156.64999389648438,19550600
2020-11-16T05:00:00.000Z,157.27000427246094,159.38999938964844,152.7100067138672,156.82000732421875,15459900
2020-11-23T05:00:00.000Z,156.89999389648438,160.2899932861328,155.13999938964844,158.99000549316406,14393900
2020-11-30T05:00:00.000Z,159.22999572753906,166.60000610351562,157.72000122070312,166.52000427246094,22472100
2020-12-07T05:00:00.000Z,166.3699951171875,167.24000549316406,159.6300048828125,160.61000061035156,23242200
2020-12-14T05:00:00.000Z,161.4499969482422,164.61000061035156,159.99000549316406,164.07000732421875,27200200
2020-12-21T05:00:00.000Z,161.5500030517578,163.4600067138672,159.55999755859375,161.63999938964844,8775000
2020-12-28T05:00:00.000Z,163.75999450683594,164.38999938964844,160.57000732421875,164.1300048828125,9693000
2021-01-04T05:00:00.000Z,164.60000610351562,172.75,160.75999450683594,171.16000366210938,24878500
2021-01-11T05:00:00.000Z,170.24000549316406,173.66000366210938,167.57000732421875,169.19000244140625,18064500
2021-01-18T05:00:00.000Z,171.19000244140625,175.47000122070312,171.19000244140625,172.80999755859375,17928000
2021-01-25T05:00:00.000Z,173.3699951171875,174.57000732421875,162.0399932861328,165.69000244140625,33521400
2021-02-01T05:00:00.000Z,167.36000061035156,175.6999969482422,167.02000427246094,169.92999267578125,23160800
2021-02-08T05:00:00.000Z,171.33999633789062,179.89999389648438,170.83999633789062,179.63999938964844,18098400
2021-02-15T05:00:00.000Z,180,181.8000030517578,174.1999969482422,178.35000610351562,16646300
2021-02-22T05:00:00.000Z,176,179.77000427246094,168.50999450683594,172.27000427246094,28162000
2021-03-01T05:00:00.000Z,174.5,177.86000061035156,161.6699981689453,167.94000244140625,28889000
2021-03-08T05:00:00.000Z,166.38999938964844,175.60000610351562,161.77000427246094,173.57000732421875,26463500
2021-03-15T04:00:00.000Z,173.47000122070312,180.17999267578125,171.75999450683594,175.97999572753906,24675600
2021-03-22T04:00:00.000Z,178.2899932861328,188.8699951171875,173.75,188.1999969482422,25462700
2021-03-29T04:00:00.000Z,184.85000610351562,192.5399932861328,183.74000549316406,192.05999755859375,19451100
2021-04-05T04:00:00.000Z,194,197.5800018310547,191.50999450683594,195.42999267578125,17794200
2021-04-12T04:00:00.000Z,192.63999938964844,194.77999877929688,189.00999450683594,191.92999267578125,22333900
2021-04-19T04:00:00.000Z,190.35000610351562,191.10000610351562,184.27999877929688,188.82000732421875,21755800
2021-04-26T04:00:00.000Z,188.86000061035156,192.50999450683594,179.1300048828125,180.50999450683594,27881500
2021-05-03T04:00:00.000Z,181.49000549316406,188.10000610351562,175.52999877929688,187.75999450683594,24732700
2021-05-10T04:00:00.000Z,187.2899932861328,187.2899932861328,176.27000427246094,183.27000427246094,23314100
2021-05-17T04:00:00.000Z,182.25,186.69000244140625,175,185.00999450683594,21465700
2021-05-24T04:00:00.000Z,186.4499969482422,191.02999877929688,186.4499969482422,189.82000732421875,26081800
2021-05-31T04:00:00.000Z,191.3800048828125,192.02999877929688,184.89999389648438,190.07000732421875,15623400
2021-06-07T04:00:00.000Z,189.1999969482422,189.97000122070312,185.89999389648438,188.6699981689453,14154700
2021-06-14T04:00:00.000Z,188.25999450683594,190.72999572753906,182.5,183.07000732421875,20075800
2021-06-21T04:00:00.000Z,184.25,190.25,183.36000061035156,188.1699981689453,17060000
2021-06-28T04:00:00.000Z,188.97000122070312,193.00999450683594,188.97000122070312,192.2100067138672,13870800
2021-07-05T04:00:00.000Z,192.5800018310547,192.99000549316406,185.3699951171875,190.27000427246094,11625200
2021-07-12T04:00:00.000Z,190.5500030517578,194.08999633789062,185.72999572753906,186.1199951171875,18952200
2021-07-19T04:00:00.000Z,184.27999877929688,194.25,182.16000366210938,186.85000610351562,33478300
2021-07-26T04:00:00.000Z,185.36000061035156,190.9499969482422,182.22999572753906,190.6199951171875,17726600
2021-08-02T04:00:00.000Z,192.39999389648438,193.89999389648438,187.44000244140625,192.9600067138672,15603400
2021-08-09T04:00:00.000Z,193.27999877929688,193.52999877929688,186.16000366210938,188.6999969482422,14105600
2021-08-16T04:00:00.000Z,188.49000549316406,189.9600067138672,181.9600067138672,184.97000122070312,16507400
2021-08-23T04:00:00.000Z,185.8000030517578,190.8000030517578,185.57000732421875,190.52000427246094,16464300
2021-08-30T04:00:00.000Z,191.38999938964844,192.6999969482422,188.0399932861328,189.8800048828125,15285400
2021-09-06T04:00:00.000Z,189.3300018310547,193.4499969482422,187.1199951171875,190.64999389648438,9477100
2021-09-13T04:00:00.000Z,192.9600067138672,197.58999633789062,191.24000549316406,196.25,19403500
2021-09-20T04:00:00.000Z,192.8800048828125,200.9199981689453,189.75999450683594,200.64999389648438,17182200
2021-09-27T04:00:00.000Z,198.22999572753906,200.4499969482422,190.17999267578125,193.7899932861328,16990600
2021-10-04T04:00:00.000Z,193.0399932861328,197.75,189.02999877929688,195.24000549316406,16345000
2021-10-11T04:00:00.000Z,194.88999938964844,196.22999572753906,186.52000427246094,194.4499969482422,18363500
2021-10-18T04:00:00.000Z,193.1699981689453,202.22000122070312,191.6199951171875,199.07000732421875,15439500
2021-10-25T04:00:00.000Z,200,202.25999450683594,183.5500030517578,187.47999572753906,30133100
2021-11-01T04:00:00.000Z,186.72999572753906,195.42999267578125,186.0800018310547,193.39999389648438,21218900
2021-11-08T05:00:00.000Z,194.0399932861328,195.3800048828125,186.47999572753906,190.0800018310547,19509700
2021-11-15T05:00:00.000Z,191.22000122070312,195.25,187.25,195.16000366210938,20271400
2021-11-22T05:00:00.000Z,195.6999969482422,196.91000366210938,187.3699951171875,188.25999450683594,19412600
2021-11-29T05:00:00.000Z,191.07000732421875,199.89999389648438,189.80999755859375,193.3800048828125,29768600
2021-12-06T05:00:00.000Z,195.1699981689453,199.86000061035156,189.75999450683594,196,21047000
2021-12-13T05:00:00.000Z,196.10000610351562,196.74000549316406,185.6300048828125,186.3000030517578,32530700
2021-12-20T05:00:00.000Z,183.64999389648438,188.94000244140625,182.77000427246094,187.39999389648438,17205700
2021-12-27T05:00:00.000Z,188.0800018310547,193.27999877929688,188.07000732421875,188.47000122070312,13890500
2022-01-03T05:00:00.000Z,188.82000732421875,192.10000610351562,178.89999389648438,179.44000244140625,24883200
2022-01-10T05:00:00.000Z,177.89999389648438,189.6300048828125,176.8800048828125,187.00999450683594,26767700
2022-01-17T05:00:00.000Z,183.61000061035156,184.36000061035156,173.3300018310547,175.63999938964844,30175800
2022-01-24T05:00:00.000Z,175.77999877929688,183.25,169.38999938964844,177.2899932861328,46802900
2022-01-31T05:00:00.000Z,177.67999267578125,188.25,167.50999450683594,171.4199981689453,45308300
2022-02-07T05:00:00.000Z,172.47999572753906,177.1999969482422,163.64999389648438,164.39999389648438,33329100
2022-02-14T05:00:00.000Z,163.94000244140625,168.9600067138672,161.0399932861328,166.74000549316406,32198800
2022-02-21T05:00:00.000Z,166.05999755859375,171.13999938964844,161.19000244140625,170.82000732421875,25772600
2022-02-28T05:00:00.000Z,168.6300048828125,172.75,164.3699951171875,169.97999572753906,28969200
2022-03-07T05:00:00.000Z,170.86000061035156,175.42999267578125,162.38999938964844,170.36000061035156,31547400
2022-03-14T04:00:00.000Z,169.9600067138672,180.35000610351562,166.08999633789062,180.10000610351562,29624400
2022-03-21T04:00:00.000Z,179.2899932861328,186.1999969482422,177.72999572753906,184.89999389648438,21562800
2022-03-28T04:00:00.000Z,183.16000366210938,191.33999633789062,179.75,182.0800018310547,24620800
2022-04-04T04:00:00.000Z,181.5500030517578,183.35000610351562,173.8300018310547,174.11000061035156,27217200
2022-04-11T04:00:00.000Z,172.77000427246094,176.3699951171875,171.77999877929688,173.66000366210938,18706200
2022-04-18T04:00:00.000Z,173,183.66000366210938,172.92999267578125,173.30999755859375,23880500
2022-04-25T04:00:00.000Z,173.05999755859375,176.8800048828125,160.5,170.25,45831900
2022-05-02T04:00:00.000Z,170.5500030517578,176.8699951171875,165.74000549316406,167.4499969482422,35066800
2022-05-09T04:00:00.000Z,166.11000061035156,170.83999633789062,162.6699981689453,169.74000549316406,32121800
2022-05-16T04:00:00.000Z,168.07000732421875,175.11000061035156,164.2100067138672,169.80999755859375,26925300
2022-05-23T04:00:00.000Z,170.27000427246094,178.35000610351562,166.3699951171875,177.97000122070312,25612400
2022-05-30T04:00:00.000Z,176.74000549316406,178.2899932861328,171.99000549316406,172.3300018310547,25096700
2022-06-06T04:00:00.000Z,173.64999389648438,174.25999450683594,157.67999267578125,157.77999877929688,26996700
2022-06-13T04:00:00.000Z,154.89999389648438,157.91000366210938,149.10000610351562,150.1999969482422,36085900
2022-06-20T04:00:00.000Z,151.82000732421875,156.1300048828125,149.25,155.9499969482422,21270100
2022-06-27T04:00:00.000Z,156.99000549316406,158.99000549316406,147.02000427246094,148.5399932861328,30346200
2022-07-04T04:00:00.000Z,145.72999572753906,155.85000610351562,144.4600067138672,155.52999877929688,22361500
2022-07-11T04:00:00.000Z,154.1199951171875,160.7100067138672,151.6699981689453,160.5399932861328,24116500
2022-07-18T04:00:00.000Z,161.72000122070312,167.7100067138672,159.02000427246094,163.89999389648438,26105000
2022-07-25T04:00:00.000Z,163.8000030517578,179.27000427246094,160.60000610351562,178.88999938964844,34997900
2022-08-01T04:00:00.000Z,177.94000244140625,185.99000549316406,176.4499969482422,184.3000030517578,23733300
2022-08-08T04:00:00.000Z,182.5,185.97999572753906,176.10000610351562,185.3800048828125,21149400
2022-08-15T04:00:00.000Z,184.8800048828125,185.64999389648438,174.8800048828125,176.4499969482422,23233900
2022-08-22T04:00:00.000Z,175.47000122070312,177.92999267578125,169.42999267578125,169.49000549316406,22554200
2022-08-29T04:00:00.000Z,169.94000244140625,170.50999450683594,162.19000244140625,163,26519000
2022-09-05T04:00:00.000Z,163.11000061035156,171.9199981689453,161.83999633789062,170.74000549316406,21058800
2022-09-12T04:00:00.000Z,171.25,171.52000427246094,161.55999755859375,165.25999450683594,37461300
2022-09-19T04:00:00.000Z,163.5800018310547,170.25,158.3000030517578,161.2899932861328,29421800
2022-09-26T04:00:00.000Z,161.64999389648438,163.63999938964844,154.67999267578125,154.77999877929688,26522500
2022-10-03T04:00:00.000Z,157.41000366210938,169.22999572753906,156.0800018310547,159.27999877929688,31641600
2022-10-10T04:00:00.000Z,159.5500030517578,159.61000061035156,145.97000122070312,148.33999633789062,36011000
2022-10-17T04:00:00.000Z,152,160.02999877929688,149.52999877929688,159.72000122070312,30075200
2022-10-24T04:00:00.000Z,160.2100067138672,164.86000061035156,151.3300018310547,161.36000061035156,40870100
2022-10-31T04:00:00.000Z,160.39999389648438,166.3699951171875,155.3300018310547,162.64999389648438,29440300
2022-11-07T05:00:00.000Z,163.80999755859375,180.7899932861328,161.5500030517578,179.49000549316406,31651100
2022-11-14T05:00:00.000Z,179,182.6199951171875,170.6300048828125,175.17999267578125,30527700
2022-11-21T05:00:00.000Z,174.4199981689453,179.77999877929688,172.27000427246094,177.07000732421875,14901700
2022-11-28T05:00:00.000Z,175.7100067138672,180.52000427246094,170.97000122070312,177.66000366210938,27575900
2022-12-05T05:00:00.000Z,176.74000549316406,178.63999938964844,172.25,174.25999450683594,20405400
2022-12-12T05:00:00.000Z,174.11000061035156,183.08999633789062,167.47999572753906,169.5500030517578,33843500
2022-12-19T05:00:00.000Z,169.6300048828125,169.8699951171875,161.49000549316406,164.3800048828125,21702400
2022-12-26T05:00:00.000Z,163.66000366210938,166.0399932861328,160.8300018310547,165.22000122070312,13864800
2023-01-02T05:00:00.000Z,167.22000122070312,176.16000366210938,162.58999633789062,175.16000366210938,24182100
2023-01-09T05:00:00.000Z,177.14999389648438,181.1699981689453,175.8300018310547,179.00999450683594,23077100
2023-01-16T05:00:00.000Z,178.8000030517578,179.82000732421875,169.6199951171875,173,25099300
2023-01-23T05:00:00.000Z,173.64999389648438,179.02000427246094,171.5,175.24000549316406,32282700
2023-01-30T05:00:00.000Z,172.33999633789062,185.4499969482422,172.2100067138672,182.2899932861328,36136400
2023-02-06T05:00:00.000Z,180.50999450683594,184.27000427246094,173.11000061035156,175.7899932861328,25881600
2023-02-13T05:00:00.000Z,176.52000427246094,178.7100067138672,173.3699951171875,175.32000732421875,19775300
2023-02-20T05:00:00.000Z,173.5500030517578,174.91000366210938,167.8000030517578,169.13999938964844,20582600
2023-02-27T05:00:00.000Z,171.38999938964844,175.9499969482422,169.36000061035156,175.67999267578125,20564700
2023-03-06T05:00:00.000Z,175.2899932861328,177.91000366210938,170.97999572753906,171.63999938964844,22320500
2023-03-13T04:00:00.000Z,170.17999267578125,179.08999633789062,169.91000366210938,175.7100067138672,33398100
2023-03-20T04:00:00.000Z,175.8800048828125,181.88999938964844,175.52000427246094,179.50999450683594,24348800
2023-03-27T04:00:00.000Z,179.6300048828125,186.3000030517578,174.25,186.00999450683594,24070700
2023-04-03T04:00:00.000Z,185.3300018310547,186.17999267578125,174.57000732421875,178.1199951171875,18515700
2023-04-10T04:00:00.000Z,176.9499969482422,181.3800048828125,175.4499969482422,178.97999572753906,16350900
2023-04-17T04:00:00.000Z,178.27999877929688,181.72999572753906,173.52999877929688,177.02000427246094,20217200
2023-04-24T04:00:00.000Z,177.13999938964844,177.42999267578125,161.10000610351562,167.1999969482422,32416900
2023-05-01T04:00:00.000Z,168.2100067138672,168.3000030517578,161.2100067138672,165.82000732421875,26346100
2023-05-08T04:00:00.000Z,165.82000732421875,166.60000610351562,159.94000244140625,161.8800048828125,19718100
2023-05-15T04:00:00.000Z,161.38999938964844,170.99000549316406,160.6300048828125,170.11000061035156,22679100
2023-05-22T04:00:00.000Z,169.77000427246094,177.0500030517578,163.60000610351562,176.2899932861328,32508100
2023-05-29T04:00:00.000Z,177.8300018310547,178.19000244140625,172.89999389648438,175.22999572753906,22954600
2023-06-05T04:00:00.000Z,175.19000244140625,175.19000244140625,168.89999389648438,170.58999633789062,21498200
2023-06-12T04:00:00.000Z,171.52999877929688,179.8300018310547,171.3800048828125,176.75999450683594,29464400
2023-06-19T04:00:00.000Z,174.94000244140625,177.02999877929688,167.1999969482422,167.67999267578125,19699700
2023-06-26T04:00:00.000Z,168.49000549316406,180.5399932861328,168.02000427246094,180.02000427246094,24291800
2023-07-03T04:00:00.000Z,180.1699981689453,181.1999969482422,173.0800018310547,173.6999969482422,14877200
2023-07-10T04:00:00.000Z,174.5800018310547,184.00999450683594,174.55999755859375,180.85000610351562,22170100
2023-07-17T04:00:00.000Z,179.2899932861328,185.57000732421875,178.72000122070312,184.32000732421875,35051200
2023-07-24T04:00:00.000Z,184.5800018310547,188.1199951171875,174.2100067138672,178.3699951171875,38332200
2023-07-31T04:00:00.000Z,178.50999450683594,180.39999389648438,167.11000061035156,168.44000244140625,25576400
2023-08-07T04:00:00.000Z,169.3699951171875,170.5399932861328,164.42999267578125,166.1999969482422,24075200
2023-08-14T04:00:00.000Z,166.1999969482422,170.61000061035156,164.1699981689453,166.49000549316406,22856700
2023-08-21T04:00:00.000Z,166.72999572753906,171.47999572753906,163.92999267578125,167.80999755859375,21081000
2023-08-28T04:00:00.000Z,169.22000122070312,171.25999450683594,165.32000732421875,169.8300018310547,21734900
2023-09-04T04:00:00.000Z,169.0800018310547,170.89999389648438,163.82000732421875,164.66000366210938,16699400
2023-09-11T04:00:00.000Z,166.52000427246094,166.69000244140625,162.42999267578125,162.6199951171875,23763200
2023-09-18T04:00:00.000Z,162,164.5800018310547,160.2100067138672,160.30999755859375,19668200
2023-09-25T04:00:00.000Z,159.9499969482422,161.3800048828125,155.88999938964844,159.00999450683594,19439600
2023-10-02T04:00:00.000Z,159.50999450683594,160.63999938964844,153.55999755859375,157,19968300
2023-10-09T04:00:00.000Z,155.8300018310547,159.22000122070312,152.1999969482422,152.75,20819200
2023-10-16T04:00:00.000Z,153.36000061035156,154.91000366210938,147.61000061035156,147.80999755859375,26241200
2023-10-23T04:00:00.000Z,147.27999877929688,148.67999267578125,140.1300048828125,143.1199951171875,37988100
2023-10-30T04:00:00.000Z,140.8699951171875,151.58999633789062,139.47999572753906,150.22999572753906,32830900
2023-11-06T05:00:00.000Z,149.5800018310547,150.1999969482422,143.0800018310547,147.19000244140625,32971700
2023-11-13T05:00:00.000Z,146.22999572753906,155.5,145.19000244140625,154.6199951171875,30477600
2023-11-20T05:00:00.000Z,154.02000427246094,156.27999877929688,152.47000122070312,153.58999633789062,14479100
2023-11-27T05:00:00.000Z,152.57000732421875,155.85000610351562,151.27000427246094,155.2100067138672,22398500
2023-12-04T05:00:00.000Z,154.5800018310547,159.61000061035156,154.02000427246094,157.02999877929688,27687300
2023-12-11T05:00:00.000Z,158.57000732421875,171.08999633789062,157.44000244140625,168.63999938964844,46006700
2023-12-18T05:00:00.000Z,168.4499969482422,168.97000122070312,165.07000732421875,168.24000549316406,22025800
2023-12-25T05:00:00.000Z,168.94000244140625,172.30999755859375,168.4499969482422,170.4600067138672,12410700
2024-01-01T05:00:00.000Z,168.85000610351562,169.92999267578125,162.39999389648438,165.10000610351562,21060300
2024-01-08T05:00:00.000Z,165.2100067138672,170.52000427246094,163.88999938964844,164.8699951171875,24621800
2024-01-15T05:00:00.000Z,164.39999389648438,175.16000366210938,160.2899932861328,173.64999389648438,30691300
2024-01-22T05:00:00.000Z,174,176.64999389648438,163.27999877929688,164.08999633789062,47299600
2024-01-29T05:00:00.000Z,164.0800018310547,166.32000732421875,156.66000366210938,159.1999969482422,31103900
2024-02-05T05:00:00.000Z,159.99000549316406,162.47999572753906,157.3300018310547,162.39999389648438,20365000
2024-02-12T05:00:00.000Z,162.39999389648438,162.83999633789062,155.4600067138672,160.3800048828125,20631800
2024-02-19T05:00:00.000Z,159.3699951171875,166.1199951171875,159.25999450683594,163.69000244140625,18456500
2024-02-26T05:00:00.000Z,164.6199951171875,172.08999633789062,162.3800048828125,171.0500030517578,23571800
2024-03-04T05:00:00.000Z,172.5,177.75,169.27999877929688,172.3000030517578,28542900
2024-03-11T04:00:00.000Z,172.27999877929688,176.35000610351562,168.69000244140625,172.52000427246094,39316400
2024-03-18T04:00:00.000Z,174.5399932861328,174.7899932861328,165.97999572753906,172.47999572753906,23807200
2024-03-25T04:00:00.000Z,170.8300018310547,175.85000610351562,167.50999450683594,174.2100067138672,17887000
2024-04-01T04:00:00.000Z,174.1199951171875,175.91000366210938,167.13999938964844,167.5,21407100
2024-04-08T04:00:00.000Z,167.61000061035156,173.52000427246094,165.77000427246094,166.3300018310547,23473200
2024-04-15T04:00:00.000Z,168.2899932861328,169.33999633789062,159.11000061035156,159.67999267578125,28796500
2024-04-22T04:00:00.000Z,160.25999450683594,179.49000549316406,160.0500030517578,177.47999572753906,41274600
2024-04-29T04:00:00.000Z,177.47999572753906,179.80999755859375,173.64999389648438,178.91000366210938,27186900
2024-05-06T04:00:00.000Z,179.89999389648438,187.35000610351562,179.27000427246094,187.0500030517578,24951100
2024-05-13T04:00:00.000Z,187,196.5500030517578,186.6699981689453,195.02000427246094,24446600
2024-05-20T04:00:00.000Z,195.02000427246094,203.6199951171875,194.5,199.17999267578125,31370400
2024-05-27T04:00:00.000Z,206,206,190.25999450683594,195.00999450683594,28619600
2024-06-03T04:00:00.000Z,196.3699951171875,197.38999938964844,191.6999969482422,195.61000061035156,24577600
2024-06-10T04:00:00.000Z,194.17999267578125,201.2899932861328,193.07000732421875,193.89999389648438,19940300
2024-06-17T04:00:00.000Z,193.1699981689453,197.47999572753906,192.1699981689453,195.52999877929688,24823500
2024-06-24T04:00:00.000Z,195.5800018310547,197.88999938964844,191.8000030517578,194.52999877929688,23148600
2024-07-01T04:00:00.000Z,193.6300048828125,200.14999389648438,192.74000549316406,198.7899932861328,12385000
2024-07-08T04:00:00.000Z,200.00999450683594,205.2899932861328,199.0800018310547,201.8699951171875,21498100
2024-07-15T04:00:00.000Z,201.86000061035156,210.83999633789062,198.74000549316406,199.10000610351562,24381600
2024-07-22T04:00:00.000Z,203.10000610351562,206.5500030517578,194.1199951171875,201.99000549316406,38136400
2024-07-29T04:00:00.000Z,203.27000427246094,204.49000549316406,186.07000732421875,187.4600067138672,32925700
2024-08-05T04:00:00.000Z,184.61000061035156,194.00999450683594,180.07000732421875,192.2100067138672,29130700
2024-08-12T04:00:00.000Z,192.4499969482422,203.16000366210938,190.77999877929688,200.52999877929688,22595200
2024-08-19T04:00:00.000Z,200.5399932861328,210.8800048828125,198,209.8800048828125,32011500
2024-08-26T04:00:00.000Z,209,214.66000366210938,205.97000122070312,214.33999633789062,25661200
2024-09-02T04:00:00.000Z,211.9499969482422,211.9499969482422,196.72999572753906,197.4499969482422,24356200
2024-09-09T04:00:00.000Z,202.08999633789062,202.82000732421875,194.6699981689453,199.92999267578125,27442000
2024-09-16T04:00:00.000Z,198.72000122070312,210.55999755859375,195.99000549316406,203.3000030517578,31116900
2024-09-23T04:00:00.000Z,203.88999938964844,211.72000122070312,202.83999633789062,209.13999938964844,20050900
2024-09-30T04:00:00.000Z,206.10000610351562,208.6999969482422,199.6999969482422,202.7100067138672,26148300
2024-10-07T04:00:00.000Z,200.58999633789062,205.7899932861328,199.24000549316406,205.11000061035156,18736200
2024-10-14T04:00:00.000Z,206.13999938964844,208.9600067138672,196.74000549316406,198.47000122070312,22138100
2024-10-21T04:00:00.000Z,196.74000549316406,211.38999938964844,192.85000610351562,206.92999267578125,37819800
2024-10-28T04:00:00.000Z,206.3699951171875,211.58999633789062,201.39999389648438,204.9199981689453,25597600
2024-11-04T05:00:00.000Z,203.49000549316406,220.38999938964844,199.72000122070312,220.2899932861328,28516000
2024-11-11T05:00:00.000Z,218.00999450683594,219.72999572753906,200.27999877929688,201.1199951171875,29821500
2024-11-18T05:00:00.000Z,202.1999969482422,207.6699981689453,195.89999389648438,198,37914100
2024-11-25T05:00:00.000Z,201.42999267578125,206.91000366210938,197.64999389648438,201.02999877929688,22434500
2024-12-02T05:00:00.000Z,199.77999877929688,202.41000366210938,192.2100067138672,193.10000610351562,29479700
2024-12-09T05:00:00.000Z,192.02999877929688,197.80999755859375,188.3000030517578,191.58999633789062,24800700
2024-12-16T05:00:00.000Z,191.86000061035156,192.36000061035156,183.35000610351562,186.8699951171875,36909800
2024-12-23T05:00:00.000Z,186.02999877929688,192.72000122070312,186.02999877929688,191.17999267578125,11521000
2024-12-30T05:00:00.000Z,189.69000244140625,191.13999938964844,184.97000122070312,190.50999450683594,16190300
2025-01-06T05:00:00.000Z,190.25,195.00999450683594,188.07000732421875,190.14999389648438,21171100
2025-01-13T05:00:00.000Z,189.8300018310547,198.9499969482422,187.13999938964844,192.4199981689453,28213200
2025-01-20T05:00:00.000Z,191.6699981689453,200.63999938964844,185.02999877929688,185.52000427246094,46395000
2025-01-27T05:00:00.000Z,185.75,190.08999633789062,179.61000061035156,184.61000061035156,36816200
2025-02-03T05:00:00.000Z,183.02999877929688,183.63999938964844,177.69000244140625,180,28507300
2025-02-10T05:00:00.000Z,181.35000610351562,184.72000122070312,176.75999450683594,183.02999877929688,20861800
2025-02-17T05:00:00.000Z,182.66000366210938,205.75,182.66000366210938,202,29557000
2025-02-24T05:00:00.000Z,202.13999938964844,205.41000366210938,191.14999389648438,195.99000549316406,37515400
2025-03-03T05:00:00.000Z,199.00999450683594,200.25,185.72000122070312,190.52000427246094,33611900
2025-03-10T04:00:00.000Z,187.6199951171875,189.47000122070312,172.08999633789062,176.4199981689453,32784000
2025-03-17T04:00:00.000Z,176.10000610351562,183.66000366210938,175.97000122070312,179,31496000
2025-03-24T04:00:00.000Z,182.9499969482422,187.47999572753906,175.5800018310547,176.3300018310547,26392800
2025-03-31T04:00:00.000Z,175.4199981689453,180.1999969482422,150.9600067138672,151.38999938964844,46429200
2025-04-07T04:00:00.000Z,150.91000366210938,172.82000732421875,139.9499969482422,147.60000610351562,90951300
2025-04-14T04:00:00.000Z,151.0399932861328,153.58999633789062,142.55999755859375,148.44000244140625,33917200
2025-04-21T04:00:00.000Z,145.4600067138672,165,142.63999938964844,162.86000061035156,58873600
2025-04-28T04:00:00.000Z,163.35000610351562,166.35000610351562,154.89999389648438,164.50999450683594,31662900
2025-05-05T04:00:00.000Z,162.42999267578125,172.60000610351562,159.11000061035156,172.27000427246094,28831000
2025-05-12T04:00:00.000Z,185.64999389648438,189.75999450683594,185.0500030517578,188.5,42652900
2025-05-19T04:00:00.000Z,185,189.89999389648438,173.75,176.3000030517578,35645000
2025-05-26T04:00:00.000Z,179.10000610351562,186.47999572753906,177.83999633789062,182.85000610351562,33327100
2025-06-02T04:00:00.000Z,181.85000610351562,194.83999633789062,181.61000061035156,192.4199981689453,28398000
2025-06-09T04:00:00.000Z,193.74000549316406,203.35000610351562,193.47000122070312,195,26575300
2025-06-16T04:00:00.000Z,197.27999877929688,200.92999267578125,196.5800018310547,198.1999969482422,27172800
2025-06-23T04:00:00.000Z,199,207.69000244140625,198.36000061035156,207.0800018310547,30075800
2025-06-30T04:00:00.000Z,207.08999633789062,216.94000244140625,206.44000244140625,216.02000427246094,19270600
2025-07-07T04:00:00.000Z,215.02000427246094,221.69000244140625,212.1999969482422,221.25,26665100
2025-07-14T04:00:00.000Z,219.41000366210938,221.39999389648438,211.7100067138672,216.6199951171875,25034400
2025-07-21T04:00:00.000Z,217.44000244140625,219,183.1999969482422,184.99000549316406,66837600
2025-07-28T04:00:00.000Z,187.8800048828125,192.88999938964844,177.9199981689453,180.86000061035156,39485700
2025-08-04T04:00:00.000Z,181.72000122070312,191.49000549316406,180.6300048828125,187.22000122070312,30043700
2025-08-11T04:00:00.000Z,187.44000244140625,195.3699951171875,183.39999389648438,194.57000732421875,31175800
2025-08-18T04:00:00.000Z,194.57000732421875,209.08999633789062,193.4499969482422,206.05999755859375,27830800
2025-08-25T04:00:00.000Z,206,207.41000366210938,201.55999755859375,202.47999572753906,23721100
2025-09-01T04:00:00.000Z,199.3800048828125,200.1699981689453,181.69000244140625,187.92999267578125,34105100
2025-09-08T04:00:00.000Z,188.14999389648438,188.3699951171875,182.25999450683594,182.60000610351562,34673900
2025-09-15T04:00:00.000Z,175.8800048828125,183.72000122070312,174.00999450683594,179.3699951171875,50932200
2025-09-22T04:00:00.000Z,179.39999389648438,187.2899932861328,179.30999755859375,184.5500030517578,29084800
2025-09-29T04:00:00.000Z,185.47000122070312,186.10000610351562,178.3300018310547,180.32000732421875,28634400
2025-10-06T04:00:00.000Z,181,183.22999572753906,171.5,171.6999969482422,32429900
2025-10-13T04:00:00.000Z,172.8300018310547,177.6300048828125,171.1300048828125,176.5800018310547,40217300
2025-10-20T04:00:00.000Z,172.50999450683594,181.83999633789062,163.0399932861328,169.1300048828125,58860500
2025-10-27T04:00:00.000Z,169.82000732421875,170.3699951171875,157.8000030517578,161.4600067138672,48400300
2025-11-03T05:00:00.000Z,162.33999633789062,165.6199951171875,156.88999938964844,160.5500030517578,41138000
2025-11-10T05:00:00.000Z,162,165.44000244140625,158.3000030517578,159.3300018310547,34954400
2025-11-17T05:00:00.000Z,158.6300048828125,161.16000366210938,152.72999572753906,159.39999389648438,40678800
2025-11-24T05:00:00.000Z,159.72000122070312,169.25,158.69000244140625,168.27000427246094,28237600
2025-12-01T05:00:00.000Z,166.83999633789062,184.75999450683594,166.52999877929688,182.5399932861328,38177700
2025-12-08T05:00:00.000Z,183.50999450683594,183.6999969482422,177.5,179.4199981689453,26275400
2025-12-15T05:00:00.000Z,175.35000610351562,179.63999938964844,173.69000244140625,176.2899932861328,51287900
2025-12-22T05:00:00.000Z,179.49000549316406,179.89999389648438,176.42999267578125,176.8800048828125,13331000
2025-12-29T05:00:00.000Z,176.50999450683594,178.88999938964844,173.44000244140625,177.52000427246094,17628300
2026-01-05T05:00:00.000Z,178.02000427246094,192.9199981689453,176.88999938964844,190.30999755859375,41191300
2026-01-12T05:00:00.000Z,188.85000610351562,196.63999938964844,187.44000244140625,191.5800018310547,32513800
2026-01-19T05:00:00.000Z,190.24000549316406,199.42999267578125,187.9499969482422,193.30999755859375,30743900
2026-01-26T05:00:00.000Z,193.30999755859375,222,192.44000244140625,215.5500030517578,62728300
2026-02-02T05:00:00.000Z,215.44000244140625,228.8300018310547,214.83999633789062,221.44000244140625,61386700
2026-02-09T05:00:00.000Z,221.25999450683594,231.32000732421875,216.1300048828125,226.16000366210938,36966900
2026-02-16T05:00:00.000Z,226.52999877929688,230,216.52999877929688,219.72999572753906,22582300
2026-02-23T05:00:00.000Z,218.89999389648438,224.1699981689453,208.25,212.11000061035156,38685600
2026-03-02T05:00:00.000Z,211.0399932861328,211.47000122070312,191.14999389648438,193.22999572753906,35031600
2026-03-09T04:00:00.000Z,192.75,201.42999267578125,189.67999267578125,190.77999877929688,30367100
2026-03-16T04:00:00.000Z,194.32000732421875,196.42999267578125,184.89999389648438,187.19000244140625,34102600
2026-03-23T04:00:00.000Z,194.60000610351562,198.97000122070312,186.9499969482422,190.3300018310547,31080900
2026-03-30T04:00:00.000Z,191.61000061035156,197.25999450683594,184.9499969482422,194.8699951171875,22142700
2026-04-06T04:00:00.000Z,196.99000549316406,217.32000732421875,195.4600067138672,214.72999572753906,26116300
2026-04-13T04:00:00.000Z,213.9499969482422,230.52999877929688,211.6999969482422,229.82000732421875,28386000
2026-04-20T04:00:00.000Z,232.57000732421875,287.8299865722656,230.02000427246094,277.1400146484375,64022400
2026-04-27T04:00:00.000Z,276.1700134277344,281.9200134277344,264.239990234375,281.0199890136719,41714500
2026-05-04T04:00:00.000Z,283.69000244140625,292.6400146484375,275.5799865722656,287.79998779296875,38900600
2026-05-08T20:00:00.000Z,291.7139892578125,292.5,286.375,287.79998779296875,8881504